,Name,Consensus length,Total read count,Single reads,Reads in pairs,Average coverage,Reference sequence,Reference length,Reference common name,Reference Latin name,Experiment,Gen marker1,Gen marker2,Gen marker3,Gen marker,Experiment name,Experiment number,input data
0,AJ879950_28S mapping,80,1,1,0,0.04310344827586207,AJ879950_28S,1856,,Fusarium circinatum,Map_B_0rel_N,28S,,,28S,+0rel,B,BN
1,AY249397_28S mapping,288,4,2,2,0.14519268197742313,AY249397_28S,2569,,Fusarium circinatum,Map_B_0rel_N,28S,,,28S,+0rel,B,BN
2,AY249403_28S mapping,84,1,1,0,0.03309968847352025,AY249403_28S,2568,,Fusarium circinatum,Map_B_0rel_N,28S,,,28S,+0rel,B,BN
3,U61651.1_28S mapping,302,410,400,10,81.92710280373831,U61651.1_28S,535,,,Map_B_0rel_N,28S,,,28S,+0rel,B,BN
4,U61599.1_18S mapping,82,1,1,0,0.12041116005873714,U61599.1_18S,681,,,Map_B_0rel_N,18S,,,18S,+0rel,B,BN
5,U61677.1_ITS mapping,125,1,1,0,0.23946360153256704,U61677.1_ITS,522,,,Map_B_0rel_N,ITS,,,ITS,+0rel,B,BN
6,KC514065_EF1 mapping,0,0,0,0,0.0,KC514065_EF1,671,,Fusarium circinatum,Map_B_0rel_N,EF1,,,EF1,+0rel,B,BN
7,KC514064_EF1 mapping,0,0,0,0,0.0,KC514064_EF1,671,,Fusarium circinatum,Map_B_0rel_N,EF1,,,EF1,+0rel,B,BN
8,KC514063_EF1 mapping,0,0,0,0,0.0,KC514063_EF1,671,,Fusarium circinatum,Map_B_0rel_N,EF1,,,EF1,+0rel,B,BN
9,KC514062_EF1 mapping,0,0,0,0,0.0,KC514062_EF1,642,,Fusarium circinatum,Map_B_0rel_N,EF1,,,EF1,+0rel,B,BN
10,KC514061_EF1 mapping,0,0,0,0,0.0,KC514061_EF1,668,,Fusarium circinatum,Map_B_0rel_N,EF1,,,EF1,+0rel,B,BN
11,KC514060_EF1 mapping,0,0,0,0,0.0,KC514060_EF1,671,,Fusarium circinatum,Map_B_0rel_N,EF1,,,EF1,+0rel,B,BN
12,KC514059_EF1 mapping,0,0,0,0,0.0,KC514059_EF1,675,,Fusarium circinatum,Map_B_0rel_N,EF1,,,EF1,+0rel,B,BN
13,KC514058_EF1 mapping,0,0,0,0,0.0,KC514058_EF1,680,,Fusarium circinatum,Map_B_0rel_N,EF1,,,EF1,+0rel,B,BN
14,KC514057_EF1 mapping,0,0,0,0,0.0,KC514057_EF1,674,,Fusarium circinatum,Map_B_0rel_N,EF1,,,EF1,+0rel,B,BN
15,KC514056_EF1 mapping,0,0,0,0,0.0,KC514056_EF1,672,,Fusarium circinatum,Map_B_0rel_N,EF1,,,EF1,+0rel,B,BN
16,KC514055_EF1 mapping,115,2,0,2,0.26825633383010433,KC514055_EF1,671,,Fusarium circinatum,Map_B_0rel_N,EF1,,,EF1,+0rel,B,BN
17,AF160295_EF1 mapping,0,0,0,0,0.0,AF160295_EF1,643,,Fusarium circinatum,Map_B_0rel_N,EF1,,,EF1,+0rel,B,BN
18,U61547.1_TUB2_1-4 mapping,0,0,0,0,0.0,U61547.1_TUB2_1-4,570,,,Map_B_0rel_N,TUB2,1-4,_,TUB2_1-4,+0rel,B,BN
19,U61625.1_TUB2_4-5 mapping,76,3,3,0,0.6551724137931034,U61625.1_TUB2_4-5,348,,,Map_B_0rel_N,TUB2,4-5,_,TUB2_4-5,+0rel,B,BN
20,U61573.1_TUB2_4 mapping,0,0,0,0,0.0,U61573.1_TUB2_4,318,,,Map_B_0rel_N,TUB2,4,_,TUB2_4,+0rel,B,BN
21,FCU61547_TUB2_1-4 mapping,0,0,0,0,0.0,FCU61547_TUB2_1-4,570,,Fusarium circinatum,Map_B_0rel_N,TUB2,1-4,_,TUB2_1-4,+0rel,B,BN
22,AF160295.1_EF1 mapping,0,0,0,0,0.0,AF160295.1_EF1,643,,,Map_B_0rel_N,EF1,,,EF1,+0rel,B,BN
23,AF158348.1_CAL mapping,0,0,0,0,0.0,AF158348.1_CAL,677,,,Map_B_0rel_N,CAL,,,CAL,+0rel,B,BN
24,AF158342.1_CAL mapping,0,0,0,0,0.0,AF158342.1_CAL,675,,,Map_B_0rel_N,CAL,,,CAL,+0rel,B,BN
25,ENA|FJ744110.1:144..300:rRNA|_5S mapping,135,347,333,14,216.91082802547768,ENA|FJ744110.1:144..300:rRNA|_5S,157,,,Map_B_0rel_N,5S,,,5S,+0rel,B,BN
26,JX171623.1_RPB2 mapping,0,0,0,0,0.0,JX171623.1_RPB2,1862,,,Map_B_0rel_N,RPB2,,,RPB2,+0rel,B,BN
27,JX171510.1_RPB1 mapping,92,2,2,0,0.1146417445482866,JX171510.1_RPB1,1605,,,Map_B_0rel_N,RPB1,,,RPB1,+0rel,B,BN
28,HM068354.1_RPB2 mapping,0,0,0,0,0.0,HM068354.1_RPB2,1869,,,Map_B_0rel_N,RPB2,,,RPB2,+0rel,B,BN
29,MN534252.1_RPB2 mapping,0,0,0,0,0.0,MN534252.1_RPB2,1803,,,Map_B_0rel_N,RPB2,,,RPB2,+0rel,B,BN
30,MN534251.1_RPB2 mapping,0,0,0,0,0.0,MN534251.1_RPB2,1803,,,Map_B_0rel_N,RPB2,,,RPB2,+0rel,B,BN
31,AJ879950_28S mapping,1855,13550,1510,12040,1738.6276939655172,AJ879950_28S,1856,,Fusarium circinatum,Map_B_0rel_P,28S,,,28S,+0rel,B,BP
32,AY249397_28S mapping,2569,65576,7590,57986,6108.32074737252,AY249397_28S,2569,,Fusarium circinatum,Map_B_0rel_P,28S,,,28S,+0rel,B,BP
33,AY249403_28S mapping,2568,66594,7664,58930,6214.477024922118,AY249403_28S,2568,,Fusarium circinatum,Map_B_0rel_P,28S,,,28S,+0rel,B,BP
34,U61651.1_28S mapping,535,34390,6556,27834,13941.91214953271,U61651.1_28S,535,,,Map_B_0rel_P,28S,,,28S,+0rel,B,BP
35,U61599.1_18S mapping,680,8839,1491,7348,2948.7033773861967,U61599.1_18S,681,,,Map_B_0rel_P,18S,,,18S,+0rel,B,BP
36,U61677.1_ITS mapping,522,32368,6726,25642,13521.157088122605,U61677.1_ITS,522,,,Map_B_0rel_P,ITS,,,ITS,+0rel,B,BP
37,KC514065_EF1 mapping,654,32,6,26,11.250372578241429,KC514065_EF1,671,,Fusarium circinatum,Map_B_0rel_P,EF1,,,EF1,+0rel,B,BP
38,KC514064_EF1 mapping,529,10,4,6,3.3979135618479885,KC514064_EF1,671,,Fusarium circinatum,Map_B_0rel_P,EF1,,,EF1,+0rel,B,BP
39,KC514063_EF1 mapping,218,11,1,10,2.8897168405365132,KC514063_EF1,671,,Fusarium circinatum,Map_B_0rel_P,EF1,,,EF1,+0rel,B,BP
40,KC514062_EF1 mapping,629,15,5,10,5.2445482866043625,KC514062_EF1,642,,Fusarium circinatum,Map_B_0rel_P,EF1,,,EF1,+0rel,B,BP
41,KC514061_EF1 mapping,632,20,4,16,7.618263473053893,KC514061_EF1,668,,Fusarium circinatum,Map_B_0rel_P,EF1,,,EF1,+0rel,B,BP
42,KC514060_EF1 mapping,662,51,5,46,19.268256333830106,KC514060_EF1,671,,Fusarium circinatum,Map_B_0rel_P,EF1,,,EF1,+0rel,B,BP
43,KC514059_EF1 mapping,666,17,1,16,5.957037037037038,KC514059_EF1,675,,Fusarium circinatum,Map_B_0rel_P,EF1,,,EF1,+0rel,B,BP
44,KC514058_EF1 mapping,680,78,22,56,20.73235294117647,KC514058_EF1,680,,Fusarium circinatum,Map_B_0rel_P,EF1,,,EF1,+0rel,B,BP
45,KC514057_EF1 mapping,650,67,19,48,18.87240356083086,KC514057_EF1,674,,Fusarium circinatum,Map_B_0rel_P,EF1,,,EF1,+0rel,B,BP
46,KC514056_EF1 mapping,500,8,2,6,1.985119047619048,KC514056_EF1,672,,Fusarium circinatum,Map_B_0rel_P,EF1,,,EF1,+0rel,B,BP
47,KC514055_EF1 mapping,670,48,8,40,17.125186289120716,KC514055_EF1,671,,Fusarium circinatum,Map_B_0rel_P,EF1,,,EF1,+0rel,B,BP
48,AF160295_EF1 mapping,585,14,2,12,4.726283048211508,AF160295_EF1,643,,Fusarium circinatum,Map_B_0rel_P,EF1,,,EF1,+0rel,B,BP
49,U61547.1_TUB2_1-4 mapping,570,160,26,134,62.426315789473676,U61547.1_TUB2_1-4,570,,,Map_B_0rel_P,TUB2,1-4,_,TUB2_1-4,+0rel,B,BP
50,U61625.1_TUB2_4-5 mapping,348,211,35,176,116.39080459770115,U61625.1_TUB2_4-5,348,,,Map_B_0rel_P,TUB2,4-5,_,TUB2_4-5,+0rel,B,BP
51,U61573.1_TUB2_4 mapping,318,208,64,144,124.0503144654088,U61573.1_TUB2_4,318,,,Map_B_0rel_P,TUB2,4,_,TUB2_4,+0rel,B,BP
52,FCU61547_TUB2_1-4 mapping,570,126,18,108,47.76842105263158,FCU61547_TUB2_1-4,570,,Fusarium circinatum,Map_B_0rel_P,TUB2,1-4,_,TUB2_1-4,+0rel,B,BP
53,AF160295.1_EF1 mapping,622,13,3,10,4.0326594090202175,AF160295.1_EF1,643,,,Map_B_0rel_P,EF1,,,EF1,+0rel,B,BP
54,AF158348.1_CAL mapping,677,360,58,302,117.75036927621859,AF158348.1_CAL,677,,,Map_B_0rel_P,CAL,,,CAL,+0rel,B,BP
55,AF158342.1_CAL mapping,297,6,0,6,1.2681481481481482,AF158342.1_CAL,675,,,Map_B_0rel_P,CAL,,,CAL,+0rel,B,BP
56,ENA|FJ744110.1:144..300:rRNA|_5S mapping,157,843,659,184,666.4394904458599,ENA|FJ744110.1:144..300:rRNA|_5S,157,,,Map_B_0rel_P,5S,,,5S,+0rel,B,BP
57,JX171623.1_RPB2 mapping,1747,184,34,150,22.414070891514502,JX171623.1_RPB2,1862,,,Map_B_0rel_P,RPB2,,,RPB2,+0rel,B,BP
58,JX171510.1_RPB1 mapping,1605,831,113,718,125.50529595015577,JX171510.1_RPB1,1605,,,Map_B_0rel_P,RPB1,,,RPB1,+0rel,B,BP
59,HM068354.1_RPB2 mapping,1769,257,43,214,29.890315676832532,HM068354.1_RPB2,1869,,,Map_B_0rel_P,RPB2,,,RPB2,+0rel,B,BP
60,MN534252.1_RPB2 mapping,1594,126,18,108,17.50804215196894,MN534252.1_RPB2,1803,,,Map_B_0rel_P,RPB2,,,RPB2,+0rel,B,BP
61,MN534251.1_RPB2 mapping,1698,327,39,288,42.66943982251802,MN534251.1_RPB2,1803,,,Map_B_0rel_P,RPB2,,,RPB2,+0rel,B,BP
62,AJ879950_28S mapping,1854,34676,30618,4058,2251.7359913793107,AJ879950_28S,1856,,Fusarium circinatum,Map_B_2rel_N,28S,,,28S,+2rel,B,BN
63,AY249397_28S mapping,2569,82708,69094,13614,3847.7489295445703,AY249397_28S,2569,,Fusarium circinatum,Map_B_2rel_N,28S,,,28S,+2rel,B,BN
64,AY249403_28S mapping,2568,82973,69075,13898,3862.7869937694704,AY249403_28S,2568,,Fusarium circinatum,Map_B_2rel_N,28S,,,28S,+2rel,B,BN
65,U61651.1_28S mapping,535,44942,42000,2942,9685.209345794392,U61651.1_28S,535,,,Map_B_2rel_N,28S,,,28S,+2rel,B,BN
66,U61599.1_18S mapping,680,16889,15475,1414,2868.46255506608,U61599.1_18S,681,,,Map_B_2rel_N,18S,,,18S,+2rel,B,BN
67,U61677.1_ITS mapping,522,39561,36641,2920,8711.12643678161,U61677.1_ITS,522,,,Map_B_2rel_N,ITS,,,ITS,+2rel,B,BN
68,KC514065_EF1 mapping,600,19,19,0,3.4485842026825635,KC514065_EF1,671,,Fusarium circinatum,Map_B_2rel_N,EF1,,,EF1,+2rel,B,BN
69,KC514064_EF1 mapping,570,18,18,0,2.9985096870342773,KC514064_EF1,671,,Fusarium circinatum,Map_B_2rel_N,EF1,,,EF1,+2rel,B,BN
70,KC514063_EF1 mapping,537,24,24,0,4.27123695976155,KC514063_EF1,671,,Fusarium circinatum,Map_B_2rel_N,EF1,,,EF1,+2rel,B,BN
71,KC514062_EF1 mapping,422,11,11,0,2.003115264797508,KC514062_EF1,642,,Fusarium circinatum,Map_B_2rel_N,EF1,,,EF1,+2rel,B,BN
72,KC514061_EF1 mapping,592,23,21,2,4.1257485029940115,KC514061_EF1,668,,Fusarium circinatum,Map_B_2rel_N,EF1,,,EF1,+2rel,B,BN
73,KC514060_EF1 mapping,556,20,20,0,3.6110283159463488,KC514060_EF1,671,,Fusarium circinatum,Map_B_2rel_N,EF1,,,EF1,+2rel,B,BN
74,KC514059_EF1 mapping,674,56,48,8,10.265185185185183,KC514059_EF1,675,,Fusarium circinatum,Map_B_2rel_N,EF1,,,EF1,+2rel,B,BN
75,KC514058_EF1 mapping,678,163,147,16,24.825,KC514058_EF1,680,,Fusarium circinatum,Map_B_2rel_N,EF1,,,EF1,+2rel,B,BN
76,KC514057_EF1 mapping,580,34,32,2,5.621661721068249,KC514057_EF1,674,,Fusarium circinatum,Map_B_2rel_N,EF1,,,EF1,+2rel,B,BN
77,KC514056_EF1 mapping,444,21,21,0,3.6875,KC514056_EF1,672,,Fusarium circinatum,Map_B_2rel_N,EF1,,,EF1,+2rel,B,BN
78,KC514055_EF1 mapping,432,12,8,4,2.0625931445603576,KC514055_EF1,671,,Fusarium circinatum,Map_B_2rel_N,EF1,,,EF1,+2rel,B,BN
79,AF160295_EF1 mapping,628,41,39,2,7.878693623639191,AF160295_EF1,643,,Fusarium circinatum,Map_B_2rel_N,EF1,,,EF1,+2rel,B,BN
80,U61547.1_TUB2_1-4 mapping,570,214,192,22,43.45087719298245,U61547.1_TUB2_1-4,570,,,Map_B_2rel_N,TUB2,1-4,_,TUB2_1-4,+2rel,B,BN
81,U61625.1_TUB2_4-5 mapping,348,337,333,4,100.47413793103449,U61625.1_TUB2_4-5,348,,,Map_B_2rel_N,TUB2,4-5,_,TUB2_4-5,+2rel,B,BN
82,U61573.1_TUB2_4 mapping,318,316,314,2,105.83333333333331,U61573.1_TUB2_4,318,,,Map_B_2rel_N,TUB2,4,_,TUB2_4,+2rel,B,BN
83,FCU61547_TUB2_1-4 mapping,570,225,207,18,45.428070175438606,FCU61547_TUB2_1-4,570,,Fusarium circinatum,Map_B_2rel_N,TUB2,1-4,_,TUB2_1-4,+2rel,B,BN
84,AF160295.1_EF1 mapping,624,39,39,0,7.496111975116642,AF160295.1_EF1,643,,,Map_B_2rel_N,EF1,,,EF1,+2rel,B,BN
85,AF158348.1_CAL mapping,611,262,256,6,42.19202363367799,AF158348.1_CAL,677,,,Map_B_2rel_N,CAL,,,CAL,+2rel,B,BN
86,AF158342.1_CAL mapping,678,313,295,18,56.114074074074075,AF158342.1_CAL,675,,,Map_B_2rel_N,CAL,,,CAL,+2rel,B,BN
87,ENA|FJ744110.1:144..300:rRNA|_5S mapping,157,5025,5011,14,3813.496815286624,ENA|FJ744110.1:144..300:rRNA|_5S,157,,,Map_B_2rel_N,5S,,,5S,+2rel,B,BN
88,JX171623.1_RPB2 mapping,1746,295,257,38,18.778195488721806,JX171623.1_RPB2,1862,,,Map_B_2rel_N,RPB2,,,RPB2,+2rel,B,BN
89,JX171510.1_RPB1 mapping,1605,1257,1071,186,94.76947040498442,JX171510.1_RPB1,1605,,,Map_B_2rel_N,RPB1,,,RPB1,+2rel,B,BN
90,HM068354.1_RPB2 mapping,1754,348,310,38,21.070626003210272,HM068354.1_RPB2,1869,,,Map_B_2rel_N,RPB2,,,RPB2,+2rel,B,BN
91,MN534252.1_RPB2 mapping,1512,253,223,30,17.287298946200778,MN534252.1_RPB2,1803,,,Map_B_2rel_N,RPB2,,,RPB2,+2rel,B,BN
92,MN534251.1_RPB2 mapping,1696,536,450,86,36.17748197448697,MN534251.1_RPB2,1803,,,Map_B_2rel_N,RPB2,,,RPB2,+2rel,B,BN
93,AJ879950_28S mapping,1854,48225,32127,16098,3990.320581896552,AJ879950_28S,1856,,Fusarium circinatum,Map_B_2rel_P,28S,,,28S,+2rel,B,BP
94,AY249397_28S mapping,2569,148280,76682,71598,9955.924484235109,AY249397_28S,2569,,Fusarium circinatum,Map_B_2rel_P,28S,,,28S,+2rel,B,BP
95,AY249403_28S mapping,2568,149566,76738,72828,10077.230919003116,AY249403_28S,2568,,Fusarium circinatum,Map_B_2rel_P,28S,,,28S,+2rel,B,BP
96,U61651.1_28S mapping,535,78922,48156,30766,23545.194392523365,U61651.1_28S,535,,,Map_B_2rel_P,28S,,,28S,+2rel,B,BP
97,U61599.1_18S mapping,680,25727,16965,8762,5817.045521292217,U61599.1_18S,681,,,Map_B_2rel_P,18S,,,18S,+2rel,B,BP
98,U61677.1_ITS mapping,522,71928,43366,28562,22232.04406130268,U61677.1_ITS,522,,,Map_B_2rel_P,ITS,,,ITS,+2rel,B,BP
99,KC514065_EF1 mapping,654,51,25,26,14.698956780923993,KC514065_EF1,671,,Fusarium circinatum,Map_B_2rel_P,EF1,,,EF1,+2rel,B,BP
100,KC514064_EF1 mapping,592,28,22,6,6.396423248882265,KC514064_EF1,671,,Fusarium circinatum,Map_B_2rel_P,EF1,,,EF1,+2rel,B,BP
101,KC514063_EF1 mapping,554,35,25,10,7.160953800298063,KC514063_EF1,671,,Fusarium circinatum,Map_B_2rel_P,EF1,,,EF1,+2rel,B,BP
102,KC514062_EF1 mapping,629,26,16,10,7.247663551401869,KC514062_EF1,642,,Fusarium circinatum,Map_B_2rel_P,EF1,,,EF1,+2rel,B,BP
103,KC514061_EF1 mapping,649,43,25,18,11.744011976047904,KC514061_EF1,668,,Fusarium circinatum,Map_B_2rel_P,EF1,,,EF1,+2rel,B,BP
104,KC514060_EF1 mapping,662,71,25,46,22.879284649776448,KC514060_EF1,671,,Fusarium circinatum,Map_B_2rel_P,EF1,,,EF1,+2rel,B,BP
105,KC514059_EF1 mapping,675,73,49,24,16.22222222222222,KC514059_EF1,675,,Fusarium circinatum,Map_B_2rel_P,EF1,,,EF1,+2rel,B,BP
106,KC514058_EF1 mapping,679,241,169,72,45.55735294117647,KC514058_EF1,680,,Fusarium circinatum,Map_B_2rel_P,EF1,,,EF1,+2rel,B,BP
107,KC514057_EF1 mapping,678,101,51,50,24.494065281899108,KC514057_EF1,674,,Fusarium circinatum,Map_B_2rel_P,EF1,,,EF1,+2rel,B,BP
108,KC514056_EF1 mapping,567,29,23,6,5.672619047619048,KC514056_EF1,672,,Fusarium circinatum,Map_B_2rel_P,EF1,,,EF1,+2rel,B,BP
109,KC514055_EF1 mapping,670,58,16,42,18.91952309985097,KC514055_EF1,671,,Fusarium circinatum,Map_B_2rel_P,EF1,,,EF1,+2rel,B,BP
110,AF160295_EF1 mapping,630,55,41,14,12.6049766718507,AF160295_EF1,643,,Fusarium circinatum,Map_B_2rel_P,EF1,,,EF1,+2rel,B,BP
111,U61547.1_TUB2_1-4 mapping,570,374,218,156,105.87719298245615,U61547.1_TUB2_1-4,570,,,Map_B_2rel_P,TUB2,1-4,_,TUB2_1-4,+2rel,B,BP
112,U61625.1_TUB2_4-5 mapping,348,545,365,180,216.2097701149425,U61625.1_TUB2_4-5,348,,,Map_B_2rel_P,TUB2,4-5,_,TUB2_4-5,+2rel,B,BP
113,U61573.1_TUB2_4 mapping,318,524,378,146,229.88364779874215,U61573.1_TUB2_4,318,,,Map_B_2rel_P,TUB2,4,_,TUB2_4,+2rel,B,BP
114,FCU61547_TUB2_1-4 mapping,570,351,225,126,93.19649122807016,FCU61547_TUB2_1-4,570,,Fusarium circinatum,Map_B_2rel_P,TUB2,1-4,_,TUB2_1-4,+2rel,B,BP
115,AF160295.1_EF1 mapping,624,52,42,10,11.528771384136858,AF160295.1_EF1,643,,,Map_B_2rel_P,EF1,,,EF1,+2rel,B,BP
116,AF158348.1_CAL mapping,677,622,314,308,159.9423929098966,AF158348.1_CAL,677,,,Map_B_2rel_P,CAL,,,CAL,+2rel,B,BP
117,AF158342.1_CAL mapping,676,319,295,24,57.382222222222225,AF158342.1_CAL,675,,,Map_B_2rel_P,CAL,,,CAL,+2rel,B,BP
118,ENA|FJ744110.1:144..300:rRNA|_5S mapping,157,5521,5337,184,4263.025477707007,ENA|FJ744110.1:144..300:rRNA|_5S,157,,,Map_B_2rel_P,5S,,,5S,+2rel,B,BP
119,JX171623.1_RPB2 mapping,1760,479,291,188,41.19226638023631,JX171623.1_RPB2,1862,,,Map_B_2rel_P,RPB2,,,RPB2,+2rel,B,BP
120,JX171510.1_RPB1 mapping,1605,2086,1182,904,220.16012461059188,JX171510.1_RPB1,1605,,,Map_B_2rel_P,RPB1,,,RPB1,+2rel,B,BP
121,HM068354.1_RPB2 mapping,1769,605,353,252,50.9609416800428,HM068354.1_RPB2,1869,,,Map_B_2rel_P,RPB2,,,RPB2,+2rel,B,BP
122,MN534252.1_RPB2 mapping,1598,379,241,138,34.795341098169715,MN534252.1_RPB2,1803,,,Map_B_2rel_P,RPB2,,,RPB2,+2rel,B,BP
123,MN534251.1_RPB2 mapping,1698,863,489,374,78.846921797005,MN534251.1_RPB2,1803,,,Map_B_2rel_P,RPB2,,,RPB2,+2rel,B,BP
124,AJ879950_28S mapping,1852,61756,54090,7666,3915.466594827586,AJ879950_28S,1856,,Fusarium circinatum,Map_B_4rel_N,28S,,,28S,+4rel,B,BN
125,AY249397_28S mapping,2569,144510,121956,22554,6669.476060724018,AY249397_28S,2569,,Fusarium circinatum,Map_B_4rel_N,28S,,,28S,+4rel,B,BN
126,AY249403_28S mapping,2568,145070,121938,23132,6693.570872274143,AY249403_28S,2568,,Fusarium circinatum,Map_B_4rel_N,28S,,,28S,+4rel,B,BN
127,U61651.1_28S mapping,535,81190,76294,4896,17530.570093457944,U61651.1_28S,535,,,Map_B_4rel_N,28S,,,28S,+4rel,B,BN
128,U61599.1_18S mapping,680,36297,33807,2490,6111.311306901615,U61599.1_18S,681,,,Map_B_4rel_N,18S,,,18S,+4rel,B,BN
129,U61677.1_ITS mapping,522,71862,67050,4812,15832.74712643678,U61677.1_ITS,522,,,Map_B_4rel_N,ITS,,,ITS,+4rel,B,BN
130,KC514065_EF1 mapping,600,33,33,0,5.889716840536512,KC514065_EF1,671,,Fusarium circinatum,Map_B_4rel_N,EF1,,,EF1,+4rel,B,BN
131,KC514064_EF1 mapping,570,27,27,0,4.493293591654248,KC514064_EF1,671,,Fusarium circinatum,Map_B_4rel_N,EF1,,,EF1,+4rel,B,BN
132,KC514063_EF1 mapping,573,31,31,0,5.563338301043219,KC514063_EF1,671,,Fusarium circinatum,Map_B_4rel_N,EF1,,,EF1,+4rel,B,BN
133,KC514062_EF1 mapping,458,27,25,2,4.956386292834892,KC514062_EF1,642,,Fusarium circinatum,Map_B_4rel_N,EF1,,,EF1,+4rel,B,BN
134,KC514061_EF1 mapping,593,39,35,4,6.9670658682634725,KC514061_EF1,668,,Fusarium circinatum,Map_B_4rel_N,EF1,,,EF1,+4rel,B,BN
135,KC514060_EF1 mapping,586,41,37,4,7.287630402384501,KC514060_EF1,671,,Fusarium circinatum,Map_B_4rel_N,EF1,,,EF1,+4rel,B,BN
136,KC514059_EF1 mapping,674,116,102,14,21.21185185185185,KC514059_EF1,675,,Fusarium circinatum,Map_B_4rel_N,EF1,,,EF1,+4rel,B,BN
137,KC514058_EF1 mapping,679,276,246,30,42.33970588235294,KC514058_EF1,680,,Fusarium circinatum,Map_B_4rel_N,EF1,,,EF1,+4rel,B,BN
138,KC514057_EF1 mapping,676,58,56,2,8.965875370919884,KC514057_EF1,674,,Fusarium circinatum,Map_B_4rel_N,EF1,,,EF1,+4rel,B,BN
139,KC514056_EF1 mapping,531,28,28,0,4.8497023809523805,KC514056_EF1,672,,Fusarium circinatum,Map_B_4rel_N,EF1,,,EF1,+4rel,B,BN
140,KC514055_EF1 mapping,544,24,20,4,4.15946348733234,KC514055_EF1,671,,Fusarium circinatum,Map_B_4rel_N,EF1,,,EF1,+4rel,B,BN
141,AF160295_EF1 mapping,634,80,78,2,15.314152410575428,AF160295_EF1,643,,Fusarium circinatum,Map_B_4rel_N,EF1,,,EF1,+4rel,B,BN
142,U61547.1_TUB2_1-4 mapping,570,388,360,28,78.5543859649123,U61547.1_TUB2_1-4,570,,,Map_B_4rel_N,TUB2,1-4,_,TUB2_1-4,+4rel,B,BN
143,U61625.1_TUB2_4-5 mapping,348,617,611,6,182.90804597701145,U61625.1_TUB2_4-5,348,,,Map_B_4rel_N,TUB2,4-5,_,TUB2_4-5,+4rel,B,BN
144,U61573.1_TUB2_4 mapping,318,588,584,4,195.73899371069183,U61573.1_TUB2_4,318,,,Map_B_4rel_N,TUB2,4,_,TUB2_4,+4rel,B,BN
145,FCU61547_TUB2_1-4 mapping,570,408,386,22,81.83508771929824,FCU61547_TUB2_1-4,570,,Fusarium circinatum,Map_B_4rel_N,TUB2,1-4,_,TUB2_1-4,+4rel,B,BN
146,AF160295.1_EF1 mapping,624,69,69,0,13.245723172628304,AF160295.1_EF1,643,,,Map_B_4rel_N,EF1,,,EF1,+4rel,B,BN
147,AF158348.1_CAL mapping,650,378,366,12,61.994091580502214,AF158348.1_CAL,677,,,Map_B_4rel_N,CAL,,,CAL,+4rel,B,BN
148,AF158342.1_CAL mapping,675,597,561,36,105.98074074074074,AF158342.1_CAL,675,,,Map_B_4rel_N,CAL,,,CAL,+4rel,B,BN
149,ENA|FJ744110.1:144..300:rRNA|_5S mapping,157,9025,9011,14,6893.617834394903,ENA|FJ744110.1:144..300:rRNA|_5S,157,,,Map_B_4rel_N,5S,,,5S,+4rel,B,BN
150,JX171623.1_RPB2 mapping,1760,512,444,68,32.6358754027927,JX171623.1_RPB2,1862,,,Map_B_4rel_N,RPB2,,,RPB2,+4rel,B,BN
151,JX171510.1_RPB1 mapping,1605,2133,1783,350,161.33271028037385,JX171510.1_RPB1,1605,,,Map_B_4rel_N,RPB1,,,RPB1,+4rel,B,BN
152,HM068354.1_RPB2 mapping,1766,642,554,88,38.73515248796148,HM068354.1_RPB2,1869,,,Map_B_4rel_N,RPB2,,,RPB2,+4rel,B,BN
153,MN534252.1_RPB2 mapping,1518,426,382,44,29.0942872989462,MN534252.1_RPB2,1803,,,Map_B_4rel_N,RPB2,,,RPB2,+4rel,B,BN
154,MN534251.1_RPB2 mapping,1696,919,759,160,62.14919578480311,MN534251.1_RPB2,1803,,,Map_B_4rel_N,RPB2,,,RPB2,+4rel,B,BN
155,AJ879950_28S mapping,1852,75305,55599,19706,5654.051185344828,AJ879950_28S,1856,,Fusarium circinatum,Map_B_4rel_P,28S,,,28S,+4rel,B,BP
156,AY249397_28S mapping,2569,210082,129544,80538,12777.651615414556,AY249397_28S,2569,,Fusarium circinatum,Map_B_4rel_P,28S,,,28S,+4rel,B,BP
157,AY249403_28S mapping,2568,211663,129601,82062,12908.014797507789,AY249403_28S,2568,,Fusarium circinatum,Map_B_4rel_P,28S,,,28S,+4rel,B,BP
158,U61651.1_28S mapping,535,115170,82450,32720,31390.55514018692,U61651.1_28S,535,,,Map_B_4rel_P,28S,,,28S,+4rel,B,BP
159,U61599.1_18S mapping,680,45135,35297,9838,9059.894273127751,U61599.1_18S,681,,,Map_B_4rel_P,18S,,,18S,+4rel,B,BP
160,U61677.1_ITS mapping,522,104229,73775,30454,29353.66475095785,U61677.1_ITS,522,,,Map_B_4rel_P,ITS,,,ITS,+4rel,B,BP
161,KC514065_EF1 mapping,654,65,39,26,17.140089418777944,KC514065_EF1,671,,Fusarium circinatum,Map_B_4rel_P,EF1,,,EF1,+4rel,B,BP
162,KC514064_EF1 mapping,592,37,31,6,7.8912071535022354,KC514064_EF1,671,,Fusarium circinatum,Map_B_4rel_P,EF1,,,EF1,+4rel,B,BP
163,KC514063_EF1 mapping,576,42,32,10,8.453055141579734,KC514063_EF1,671,,Fusarium circinatum,Map_B_4rel_P,EF1,,,EF1,+4rel,B,BP
164,KC514062_EF1 mapping,629,42,30,12,10.200934579439252,KC514062_EF1,642,,Fusarium circinatum,Map_B_4rel_P,EF1,,,EF1,+4rel,B,BP
165,KC514061_EF1 mapping,649,59,39,20,14.585329341317365,KC514061_EF1,668,,Fusarium circinatum,Map_B_4rel_P,EF1,,,EF1,+4rel,B,BP
166,KC514060_EF1 mapping,662,92,42,50,26.55588673621461,KC514060_EF1,671,,Fusarium circinatum,Map_B_4rel_P,EF1,,,EF1,+4rel,B,BP
167,KC514059_EF1 mapping,675,133,103,30,27.168888888888887,KC514059_EF1,675,,Fusarium circinatum,Map_B_4rel_P,EF1,,,EF1,+4rel,B,BP
168,KC514058_EF1 mapping,679,354,268,86,63.0720588235294,KC514058_EF1,680,,Fusarium circinatum,Map_B_4rel_P,EF1,,,EF1,+4rel,B,BP
169,KC514057_EF1 mapping,679,125,75,50,27.838278931750747,KC514057_EF1,674,,Fusarium circinatum,Map_B_4rel_P,EF1,,,EF1,+4rel,B,BP
170,KC514056_EF1 mapping,568,36,30,6,6.834821428571429,KC514056_EF1,672,,Fusarium circinatum,Map_B_4rel_P,EF1,,,EF1,+4rel,B,BP
171,KC514055_EF1 mapping,670,70,28,42,21.016393442622952,KC514055_EF1,671,,Fusarium circinatum,Map_B_4rel_P,EF1,,,EF1,+4rel,B,BP
172,AF160295_EF1 mapping,630,94,80,14,20.040435458786934,AF160295_EF1,643,,Fusarium circinatum,Map_B_4rel_P,EF1,,,EF1,+4rel,B,BP
173,U61547.1_TUB2_1-4 mapping,570,548,386,162,140.98070175438596,U61547.1_TUB2_1-4,570,,,Map_B_4rel_P,TUB2,1-4,_,TUB2_1-4,+4rel,B,BP
174,U61625.1_TUB2_4-5 mapping,348,825,643,182,298.6436781609196,U61625.1_TUB2_4-5,348,,,Map_B_4rel_P,TUB2,4-5,_,TUB2_4-5,+4rel,B,BP
175,U61573.1_TUB2_4 mapping,318,796,648,148,319.78930817610063,U61573.1_TUB2_4,318,,,Map_B_4rel_P,TUB2,4,_,TUB2_4,+4rel,B,BP
176,FCU61547_TUB2_1-4 mapping,570,534,404,130,129.60350877192982,FCU61547_TUB2_1-4,570,,Fusarium circinatum,Map_B_4rel_P,TUB2,1-4,_,TUB2_1-4,+4rel,B,BP
177,AF160295.1_EF1 mapping,624,82,72,10,17.278382581648525,AF160295.1_EF1,643,,,Map_B_4rel_P,EF1,,,EF1,+4rel,B,BP
178,AF158348.1_CAL mapping,677,738,424,314,179.74446085672082,AF158348.1_CAL,677,,,Map_B_4rel_P,CAL,,,CAL,+4rel,B,BP
179,AF158342.1_CAL mapping,675,603,561,42,107.24888888888887,AF158342.1_CAL,675,,,Map_B_4rel_P,CAL,,,CAL,+4rel,B,BP
180,ENA|FJ744110.1:144..300:rRNA|_5S mapping,157,9521,9337,184,7343.146496815287,ENA|FJ744110.1:144..300:rRNA|_5S,157,,,Map_B_4rel_P,5S,,,5S,+4rel,B,BP
181,JX171623.1_RPB2 mapping,1762,696,478,218,55.049946294307205,JX171623.1_RPB2,1862,,,Map_B_4rel_P,RPB2,,,RPB2,+4rel,B,BP
182,JX171510.1_RPB1 mapping,1605,2962,1894,1068,286.72336448598134,JX171510.1_RPB1,1605,,,Map_B_4rel_P,RPB1,,,RPB1,+4rel,B,BP
183,HM068354.1_RPB2 mapping,1769,899,597,302,68.625468164794,HM068354.1_RPB2,1869,,,Map_B_4rel_P,RPB2,,,RPB2,+4rel,B,BP
184,MN534252.1_RPB2 mapping,1598,552,400,152,46.602329450915136,MN534252.1_RPB2,1803,,,Map_B_4rel_P,RPB2,,,RPB2,+4rel,B,BP
185,MN534251.1_RPB2 mapping,1698,1246,798,448,104.81863560732113,MN534251.1_RPB2,1803,,,Map_B_4rel_P,RPB2,,,RPB2,+4rel,B,BP
186,AJ879950_28S mapping,1854,97238,82456,14782,6277.108836206897,AJ879950_28S,1856,,Fusarium circinatum,Map_B_6rel_N,28S,,,28S,+6rel,B,BN
187,AY249397_28S mapping,2569,250554,193614,56940,11666.83573374854,AY249397_28S,2569,,Fusarium circinatum,Map_B_6rel_N,28S,,,28S,+6rel,B,BN
188,AY249403_28S mapping,2568,251922,193994,57928,11733.092289719629,AY249403_28S,2568,,Fusarium circinatum,Map_B_6rel_N,28S,,,28S,+6rel,B,BN
189,U61651.1_28S mapping,535,133281,123777,9504,28746.074766355137,U61651.1_28S,535,,,Map_B_6rel_N,28S,,,28S,+6rel,B,BN
190,U61599.1_18S mapping,681,54671,49491,5180,9296.274596182086,U61599.1_18S,681,,,Map_B_6rel_N,18S,,,18S,+6rel,B,BN
191,U61677.1_ITS mapping,522,118805,109151,9654,26145.934865900384,U61677.1_ITS,522,,,Map_B_6rel_N,ITS,,,ITS,+6rel,B,BN
192,KC514065_EF1 mapping,614,57,57,0,10.380029806259316,KC514065_EF1,671,,Fusarium circinatum,Map_B_6rel_N,EF1,,,EF1,+6rel,B,BN
193,KC514064_EF1 mapping,571,37,37,0,6.275707898658719,KC514064_EF1,671,,Fusarium circinatum,Map_B_6rel_N,EF1,,,EF1,+6rel,B,BN
194,KC514063_EF1 mapping,582,39,39,0,7.0655737704918025,KC514063_EF1,671,,Fusarium circinatum,Map_B_6rel_N,EF1,,,EF1,+6rel,B,BN
195,KC514062_EF1 mapping,487,45,43,2,8.470404984423674,KC514062_EF1,642,,Fusarium circinatum,Map_B_6rel_N,EF1,,,EF1,+6rel,B,BN
196,KC514061_EF1 mapping,599,63,59,4,11.480538922155688,KC514061_EF1,668,,Fusarium circinatum,Map_B_6rel_N,EF1,,,EF1,+6rel,B,BN
197,KC514060_EF1 mapping,605,60,56,4,10.846497764530554,KC514060_EF1,671,,Fusarium circinatum,Map_B_6rel_N,EF1,,,EF1,+6rel,B,BN
198,KC514059_EF1 mapping,674,190,172,18,34.96296296296296,KC514059_EF1,675,,Fusarium circinatum,Map_B_6rel_N,EF1,,,EF1,+6rel,B,BN
199,KC514058_EF1 mapping,679,496,426,70,77.70882352941176,KC514058_EF1,680,,Fusarium circinatum,Map_B_6rel_N,EF1,,,EF1,+6rel,B,BN
200,KC514057_EF1 mapping,676,94,90,4,14.01186943620178,KC514057_EF1,674,,Fusarium circinatum,Map_B_6rel_N,EF1,,,EF1,+6rel,B,BN
201,KC514056_EF1 mapping,578,36,36,0,6.340773809523809,KC514056_EF1,672,,Fusarium circinatum,Map_B_6rel_N,EF1,,,EF1,+6rel,B,BN
202,KC514055_EF1 mapping,550,38,34,4,6.7690014903129665,KC514055_EF1,671,,Fusarium circinatum,Map_B_6rel_N,EF1,,,EF1,+6rel,B,BN
203,AF160295_EF1 mapping,630,154,146,8,29.771384136858483,AF160295_EF1,643,,Fusarium circinatum,Map_B_6rel_N,EF1,,,EF1,+6rel,B,BN
204,U61547.1_TUB2_1-4 mapping,570,626,578,48,127.48070175438595,U61547.1_TUB2_1-4,570,,,Map_B_6rel_N,TUB2,1-4,_,TUB2_1-4,+6rel,B,BN
205,U61625.1_TUB2_4-5 mapping,348,985,977,8,295.6752873563218,U61625.1_TUB2_4-5,348,,,Map_B_6rel_N,TUB2,4-5,_,TUB2_4-5,+6rel,B,BN
206,U61573.1_TUB2_4 mapping,318,937,933,4,312.89308176100633,U61573.1_TUB2_4,318,,,Map_B_6rel_N,TUB2,4,_,TUB2_4,+6rel,B,BN
207,FCU61547_TUB2_1-4 mapping,570,653,613,40,131.52105263157895,FCU61547_TUB2_1-4,570,,Fusarium circinatum,Map_B_6rel_N,TUB2,1-4,_,TUB2_1-4,+6rel,B,BN
208,AF160295.1_EF1 mapping,637,131,129,2,25.36858475894245,AF160295.1_EF1,643,,,Map_B_6rel_N,EF1,,,EF1,+6rel,B,BN
209,AF158348.1_CAL mapping,650,653,609,44,107.28360413589365,AF158348.1_CAL,677,,,Map_B_6rel_N,CAL,,,CAL,+6rel,B,BN
210,AF158342.1_CAL mapping,675,982,918,64,175.29925925925926,AF158342.1_CAL,675,,,Map_B_6rel_N,CAL,,,CAL,+6rel,B,BN
211,ENA|FJ744110.1:144..300:rRNA|_5S mapping,157,14766,14752,14,11284.47770700637,ENA|FJ744110.1:144..300:rRNA|_5S,157,,,Map_B_6rel_N,5S,,,5S,+6rel,B,BN
212,JX171623.1_RPB2 mapping,1760,840,722,118,53.34156820622986,JX171623.1_RPB2,1862,,,Map_B_6rel_N,RPB2,,,RPB2,+6rel,B,BN
213,JX171510.1_RPB1 mapping,1605,3684,2912,772,279.37881619937696,JX171510.1_RPB1,1605,,,Map_B_6rel_N,RPB1,,,RPB1,+6rel,B,BN
214,HM068354.1_RPB2 mapping,1766,1075,889,186,65.13643659711076,HM068354.1_RPB2,1869,,,Map_B_6rel_N,RPB2,,,RPB2,+6rel,B,BN
215,MN534252.1_RPB2 mapping,1525,689,601,88,47.01885745978924,MN534252.1_RPB2,1803,,,Map_B_6rel_N,RPB2,,,RPB2,+6rel,B,BN
216,MN534251.1_RPB2 mapping,1701,1634,1240,394,110.48141985579588,MN534251.1_RPB2,1803,,,Map_B_6rel_N,RPB2,,,RPB2,+6rel,B,BN
217,AJ879950_28S mapping,1854,110787,83965,26822,8015.693426724139,AJ879950_28S,1856,,Fusarium circinatum,Map_B_6rel_P,28S,,,28S,+6rel,B,BP
218,AY249397_28S mapping,2569,316126,201202,114924,17775.011288439084,AY249397_28S,2569,,Fusarium circinatum,Map_B_6rel_P,28S,,,28S,+6rel,B,BP
219,AY249403_28S mapping,2568,318515,201657,116858,17947.53621495327,AY249403_28S,2568,,Fusarium circinatum,Map_B_6rel_P,28S,,,28S,+6rel,B,BP
220,U61651.1_28S mapping,535,167261,129933,37328,42606.05981308411,U61651.1_28S,535,,,Map_B_6rel_P,28S,,,28S,+6rel,B,BP
221,U61599.1_18S mapping,681,63509,50981,12528,12244.857562408222,U61599.1_18S,681,,,Map_B_6rel_P,18S,,,18S,+6rel,B,BP
222,U61677.1_ITS mapping,522,151172,115876,35296,39666.852490421465,U61677.1_ITS,522,,,Map_B_6rel_P,ITS,,,ITS,+6rel,B,BP
223,KC514065_EF1 mapping,653,89,63,26,21.630402384500748,KC514065_EF1,671,,Fusarium circinatum,Map_B_6rel_P,EF1,,,EF1,+6rel,B,BP
224,KC514064_EF1 mapping,591,47,41,6,9.673621460506707,KC514064_EF1,671,,Fusarium circinatum,Map_B_6rel_P,EF1,,,EF1,+6rel,B,BP
225,KC514063_EF1 mapping,585,50,40,10,9.955290611028316,KC514063_EF1,671,,Fusarium circinatum,Map_B_6rel_P,EF1,,,EF1,+6rel,B,BP
226,KC514062_EF1 mapping,629,60,48,12,13.714953271028035,KC514062_EF1,642,,Fusarium circinatum,Map_B_6rel_P,EF1,,,EF1,+6rel,B,BP
227,KC514061_EF1 mapping,649,83,63,20,19.098802395209578,KC514061_EF1,668,,Fusarium circinatum,Map_B_6rel_P,EF1,,,EF1,+6rel,B,BP
228,KC514060_EF1 mapping,662,111,61,50,30.114754098360656,KC514060_EF1,671,,Fusarium circinatum,Map_B_6rel_P,EF1,,,EF1,+6rel,B,BP
229,KC514059_EF1 mapping,674,207,173,34,40.92,KC514059_EF1,675,,Fusarium circinatum,Map_B_6rel_P,EF1,,,EF1,+6rel,B,BP
230,KC514058_EF1 mapping,679,574,448,126,98.44117647058823,KC514058_EF1,680,,Fusarium circinatum,Map_B_6rel_P,EF1,,,EF1,+6rel,B,BP
231,KC514057_EF1 mapping,678,161,109,52,32.88427299703264,KC514057_EF1,674,,Fusarium circinatum,Map_B_6rel_P,EF1,,,EF1,+6rel,B,BP
232,KC514056_EF1 mapping,592,44,38,6,8.325892857142858,KC514056_EF1,672,,Fusarium circinatum,Map_B_6rel_P,EF1,,,EF1,+6rel,B,BP
233,KC514055_EF1 mapping,670,84,42,42,23.625931445603577,KC514055_EF1,671,,Fusarium circinatum,Map_B_6rel_P,EF1,,,EF1,+6rel,B,BP
234,AF160295_EF1 mapping,630,168,148,20,34.497667185069986,AF160295_EF1,643,,Fusarium circinatum,Map_B_6rel_P,EF1,,,EF1,+6rel,B,BP
235,U61547.1_TUB2_1-4 mapping,570,786,604,182,189.90701754385964,U61547.1_TUB2_1-4,570,,,Map_B_6rel_P,TUB2,1-4,_,TUB2_1-4,+6rel,B,BP
236,U61625.1_TUB2_4-5 mapping,348,1193,1009,184,411.4109195402299,U61625.1_TUB2_4-5,348,,,Map_B_6rel_P,TUB2,4-5,_,TUB2_4-5,+6rel,B,BP
237,U61573.1_TUB2_4 mapping,318,1145,997,148,436.9433962264151,U61573.1_TUB2_4,318,,,Map_B_6rel_P,TUB2,4,_,TUB2_4,+6rel,B,BP
238,FCU61547_TUB2_1-4 mapping,570,779,631,148,179.28947368421055,FCU61547_TUB2_1-4,570,,Fusarium circinatum,Map_B_6rel_P,TUB2,1-4,_,TUB2_1-4,+6rel,B,BP
239,AF160295.1_EF1 mapping,637,144,132,12,29.401244167962677,AF160295.1_EF1,643,,,Map_B_6rel_P,EF1,,,EF1,+6rel,B,BP
240,AF158348.1_CAL mapping,677,1013,667,346,225.03397341211223,AF158348.1_CAL,677,,,Map_B_6rel_P,CAL,,,CAL,+6rel,B,BP
241,AF158342.1_CAL mapping,675,988,918,70,176.56740740740742,AF158342.1_CAL,675,,,Map_B_6rel_P,CAL,,,CAL,+6rel,B,BP
242,ENA|FJ744110.1:144..300:rRNA|_5S mapping,157,15262,15078,184,11734.006369426754,ENA|FJ744110.1:144..300:rRNA|_5S,157,,,Map_B_6rel_P,5S,,,5S,+6rel,B,BP
243,JX171623.1_RPB2 mapping,1762,1024,756,268,75.75563909774436,JX171623.1_RPB2,1862,,,Map_B_6rel_P,RPB2,,,RPB2,+6rel,B,BP
244,JX171510.1_RPB1 mapping,1605,4513,3023,1490,404.76947040498436,JX171510.1_RPB1,1605,,,Map_B_6rel_P,RPB1,,,RPB1,+6rel,B,BP
245,HM068354.1_RPB2 mapping,1769,1332,932,400,95.02675227394329,HM068354.1_RPB2,1869,,,Map_B_6rel_P,RPB2,,,RPB2,+6rel,B,BP
246,MN534252.1_RPB2 mapping,1599,815,619,196,64.52689961175818,MN534252.1_RPB2,1803,,,Map_B_6rel_P,RPB2,,,RPB2,+6rel,B,BP
247,MN534251.1_RPB2 mapping,1701,1961,1279,682,153.15085967831394,MN534251.1_RPB2,1803,,,Map_B_6rel_P,RPB2,,,RPB2,+6rel,B,BP
248,AJ879950_28S mapping,1853,137551,117413,20138,8895.581357758621,AJ879950_28S,1856,,Fusarium circinatum,Map_B_8rel_N,28S,,,28S,+8rel,B,BN
249,AY249397_28S mapping,2568,365150,281208,83942,16999.59011288439,AY249397_28S,2569,,Fusarium circinatum,Map_B_8rel_N,28S,,,28S,+8rel,B,BN
250,AY249403_28S mapping,2567,366905,281463,85442,17088.38707165109,AY249403_28S,2568,,Fusarium circinatum,Map_B_8rel_N,28S,,,28S,+8rel,B,BN
251,U61651.1_28S mapping,535,194797,181337,13460,42034.764485981315,U61651.1_28S,535,,,Map_B_8rel_N,28S,,,28S,+8rel,B,BN
252,U61599.1_18S mapping,681,77855,70371,7484,13269.631424375915,U61599.1_18S,681,,,Map_B_8rel_N,18S,,,18S,+8rel,B,BN
253,U61677.1_ITS mapping,522,173826,160150,13676,38257.030651341,U61677.1_ITS,522,,,Map_B_8rel_N,ITS,,,ITS,+8rel,B,BN
254,KC514065_EF1 mapping,614,89,89,0,16.302533532041732,KC514065_EF1,671,,Fusarium circinatum,Map_B_8rel_N,EF1,,,EF1,+8rel,B,BN
255,KC514064_EF1 mapping,578,55,53,2,9.557377049180328,KC514064_EF1,671,,Fusarium circinatum,Map_B_8rel_N,EF1,,,EF1,+8rel,B,BN
256,KC514063_EF1 mapping,582,58,58,0,10.48435171385991,KC514063_EF1,671,,Fusarium circinatum,Map_B_8rel_N,EF1,,,EF1,+8rel,B,BN
257,KC514062_EF1 mapping,491,59,57,2,11.151090342679126,KC514062_EF1,642,,Fusarium circinatum,Map_B_8rel_N,EF1,,,EF1,+8rel,B,BN
258,KC514061_EF1 mapping,603,89,85,4,16.335329341317365,KC514061_EF1,668,,Fusarium circinatum,Map_B_8rel_N,EF1,,,EF1,+8rel,B,BN
259,KC514060_EF1 mapping,617,92,88,4,16.695976154992547,KC514060_EF1,671,,Fusarium circinatum,Map_B_8rel_N,EF1,,,EF1,+8rel,B,BN
260,KC514059_EF1 mapping,674,282,258,24,51.905185185185175,KC514059_EF1,675,,Fusarium circinatum,Map_B_8rel_N,EF1,,,EF1,+8rel,B,BN
261,KC514058_EF1 mapping,679,681,589,92,106.85882352941178,KC514058_EF1,680,,Fusarium circinatum,Map_B_8rel_N,EF1,,,EF1,+8rel,B,BN
262,KC514057_EF1 mapping,676,150,146,4,21.327893175074184,KC514057_EF1,674,,Fusarium circinatum,Map_B_8rel_N,EF1,,,EF1,+8rel,B,BN
263,KC514056_EF1 mapping,589,47,47,0,8.369047619047619,KC514056_EF1,672,,Fusarium circinatum,Map_B_8rel_N,EF1,,,EF1,+8rel,B,BN
264,KC514055_EF1 mapping,583,56,52,4,10.0327868852459,KC514055_EF1,671,,Fusarium circinatum,Map_B_8rel_N,EF1,,,EF1,+8rel,B,BN
265,AF160295_EF1 mapping,641,230,214,16,44.36236391912907,AF160295_EF1,643,,Fusarium circinatum,Map_B_8rel_N,EF1,,,EF1,+8rel,B,BN
266,U61547.1_TUB2_1-4 mapping,570,933,859,74,190.4333333333333,U61547.1_TUB2_1-4,570,,,Map_B_8rel_N,TUB2,1-4,_,TUB2_1-4,+8rel,B,BN
267,U61625.1_TUB2_4-5 mapping,348,1419,1411,8,422.2614942528736,U61625.1_TUB2_4-5,348,,,Map_B_8rel_N,TUB2,4-5,_,TUB2_4-5,+8rel,B,BN
268,U61573.1_TUB2_4 mapping,318,1373,1369,4,455.251572327044,U61573.1_TUB2_4,318,,,Map_B_8rel_N,TUB2,4,_,TUB2_4,+8rel,B,BN
269,FCU61547_TUB2_1-4 mapping,570,929,857,72,187.20877192982456,FCU61547_TUB2_1-4,570,,Fusarium circinatum,Map_B_8rel_N,TUB2,1-4,_,TUB2_1-4,+8rel,B,BN
270,AF160295.1_EF1 mapping,640,198,192,6,38.33903576982893,AF160295.1_EF1,643,,,Map_B_8rel_N,EF1,,,EF1,+8rel,B,BN
271,AF158348.1_CAL mapping,650,1011,943,68,166.40177252584934,AF158348.1_CAL,677,,,Map_B_8rel_N,CAL,,,CAL,+8rel,B,BN
272,AF158342.1_CAL mapping,675,1334,1256,78,239.62222222222226,AF158342.1_CAL,675,,,Map_B_8rel_N,CAL,,,CAL,+8rel,B,BN
273,ENA|FJ744110.1:144..300:rRNA|_5S mapping,157,21532,21518,14,16489.528662420384,ENA|FJ744110.1:144..300:rRNA|_5S,157,,,Map_B_8rel_N,5S,,,5S,+8rel,B,BN
274,JX171623.1_RPB2 mapping,1760,1255,1051,204,79.44736842105263,JX171623.1_RPB2,1862,,,Map_B_8rel_N,RPB2,,,RPB2,+8rel,B,BN
275,JX171510.1_RPB1 mapping,1605,5337,4249,1088,404.4666666666666,JX171510.1_RPB1,1605,,,Map_B_8rel_N,RPB1,,,RPB1,+8rel,B,BN
276,HM068354.1_RPB2 mapping,1769,1559,1295,264,94.47779561262709,HM068354.1_RPB2,1869,,,Map_B_8rel_N,RPB2,,,RPB2,+8rel,B,BN
277,MN534252.1_RPB2 mapping,1525,1018,890,128,69.36882972823072,MN534252.1_RPB2,1803,,,Map_B_8rel_N,RPB2,,,RPB2,+8rel,B,BN
278,MN534251.1_RPB2 mapping,1701,2390,1812,578,161.58069883527457,MN534251.1_RPB2,1803,,,Map_B_8rel_N,RPB2,,,RPB2,+8rel,B,BN
279,AJ879950_28S mapping,1853,151100,118922,32178,10634.165948275862,AJ879950_28S,1856,,Fusarium circinatum,Map_B_8rel_P,28S,,,28S,+8rel,B,BP
280,AY249397_28S mapping,2569,430722,288796,141926,23107.76566757493,AY249397_28S,2569,,Fusarium circinatum,Map_B_8rel_P,28S,,,28S,+8rel,B,BP
281,AY249403_28S mapping,2568,433498,289126,144372,23302.83099688473,AY249403_28S,2568,,Fusarium circinatum,Map_B_8rel_P,28S,,,28S,+8rel,B,BP
282,U61651.1_28S mapping,535,228777,187493,41284,55894.74953271028,U61651.1_28S,535,,,Map_B_8rel_P,28S,,,28S,+8rel,B,BP
283,U61599.1_18S mapping,681,86693,71861,14832,16218.214390602056,U61599.1_18S,681,,,Map_B_8rel_P,18S,,,18S,+8rel,B,BP
284,U61677.1_ITS mapping,522,206193,166875,39318,51777.94827586207,U61677.1_ITS,522,,,Map_B_8rel_P,ITS,,,ITS,+8rel,B,BP
285,KC514065_EF1 mapping,653,121,95,26,27.55290611028316,KC514065_EF1,671,,Fusarium circinatum,Map_B_8rel_P,EF1,,,EF1,+8rel,B,BP
286,KC514064_EF1 mapping,594,65,57,8,12.955290611028314,KC514064_EF1,671,,Fusarium circinatum,Map_B_8rel_P,EF1,,,EF1,+8rel,B,BP
287,KC514063_EF1 mapping,585,69,59,10,13.374068554396427,KC514063_EF1,671,,Fusarium circinatum,Map_B_8rel_P,EF1,,,EF1,+8rel,B,BP
288,KC514062_EF1 mapping,629,74,62,12,16.39563862928349,KC514062_EF1,642,,Fusarium circinatum,Map_B_8rel_P,EF1,,,EF1,+8rel,B,BP
289,KC514061_EF1 mapping,648,109,89,20,23.953592814371262,KC514061_EF1,668,,Fusarium circinatum,Map_B_8rel_P,EF1,,,EF1,+8rel,B,BP
290,KC514060_EF1 mapping,662,143,93,50,35.964232488822645,KC514060_EF1,671,,Fusarium circinatum,Map_B_8rel_P,EF1,,,EF1,+8rel,B,BP
291,KC514059_EF1 mapping,674,299,259,40,57.86222222222222,KC514059_EF1,675,,Fusarium circinatum,Map_B_8rel_P,EF1,,,EF1,+8rel,B,BP
292,KC514058_EF1 mapping,679,759,611,148,127.59117647058822,KC514058_EF1,680,,Fusarium circinatum,Map_B_8rel_P,EF1,,,EF1,+8rel,B,BP
293,KC514057_EF1 mapping,678,217,165,52,40.200296735905034,KC514057_EF1,674,,Fusarium circinatum,Map_B_8rel_P,EF1,,,EF1,+8rel,B,BP
294,KC514056_EF1 mapping,592,55,49,6,10.354166666666666,KC514056_EF1,672,,Fusarium circinatum,Map_B_8rel_P,EF1,,,EF1,+8rel,B,BP
295,KC514055_EF1 mapping,670,102,60,42,26.889716840536515,KC514055_EF1,671,,Fusarium circinatum,Map_B_8rel_P,EF1,,,EF1,+8rel,B,BP
296,AF160295_EF1 mapping,641,244,216,28,49.088646967340594,AF160295_EF1,643,,Fusarium circinatum,Map_B_8rel_P,EF1,,,EF1,+8rel,B,BP
297,U61547.1_TUB2_1-4 mapping,570,1093,885,208,252.859649122807,U61547.1_TUB2_1-4,570,,,Map_B_8rel_P,TUB2,1-4,_,TUB2_1-4,+8rel,B,BP
298,U61625.1_TUB2_4-5 mapping,348,1627,1443,184,537.9971264367816,U61625.1_TUB2_4-5,348,,,Map_B_8rel_P,TUB2,4-5,_,TUB2_4-5,+8rel,B,BP
299,U61573.1_TUB2_4 mapping,318,1581,1433,148,579.3018867924528,U61573.1_TUB2_4,318,,,Map_B_8rel_P,TUB2,4,_,TUB2_4,+8rel,B,BP
300,FCU61547_TUB2_1-4 mapping,570,1055,875,180,234.97719298245613,FCU61547_TUB2_1-4,570,,Fusarium circinatum,Map_B_8rel_P,TUB2,1-4,_,TUB2_1-4,+8rel,B,BP
301,AF160295.1_EF1 mapping,640,211,195,16,42.37169517884914,AF160295.1_EF1,643,,,Map_B_8rel_P,EF1,,,EF1,+8rel,B,BP
302,AF158348.1_CAL mapping,677,1371,1001,370,284.15214180206794,AF158348.1_CAL,677,,,Map_B_8rel_P,CAL,,,CAL,+8rel,B,BP
303,AF158342.1_CAL mapping,675,1340,1256,84,240.89037037037042,AF158342.1_CAL,675,,,Map_B_8rel_P,CAL,,,CAL,+8rel,B,BP
304,ENA|FJ744110.1:144..300:rRNA|_5S mapping,157,22028,21844,184,16939.057324840764,ENA|FJ744110.1:144..300:rRNA|_5S,157,,,Map_B_8rel_P,5S,,,5S,+8rel,B,BP
305,JX171623.1_RPB2 mapping,1762,1439,1085,354,101.86143931256711,JX171623.1_RPB2,1862,,,Map_B_8rel_P,RPB2,,,RPB2,+8rel,B,BP
306,JX171510.1_RPB1 mapping,1605,6166,4360,1806,529.8573208722742,JX171510.1_RPB1,1605,,,Map_B_8rel_P,RPB1,,,RPB1,+8rel,B,BP
307,HM068354.1_RPB2 mapping,1769,1816,1338,478,124.36811128945959,HM068354.1_RPB2,1869,,,Map_B_8rel_P,RPB2,,,RPB2,+8rel,B,BP
308,MN534252.1_RPB2 mapping,1599,1144,908,236,86.87687188019969,MN534252.1_RPB2,1803,,,Map_B_8rel_P,RPB2,,,RPB2,+8rel,B,BP
309,MN534251.1_RPB2 mapping,1701,2717,1851,866,204.25013865779255,MN534251.1_RPB2,1803,,,Map_B_8rel_P,RPB2,,,RPB2,+8rel,B,BP
310,AJ879950_28S mapping,48,1,1,0,0.02586206896551724,AJ879950_28S,1856,,Fusarium circinatum,Map_C_0rel_N,28S,,,28S,+0rel,C,CN
311,AY249397_28S mapping,249,1592,1574,18,52.065005838847796,AY249397_28S,2569,,Fusarium circinatum,Map_C_0rel_N,28S,,,28S,+0rel,C,CN
312,AY249403_28S mapping,141,1617,1605,12,52.74844236760124,AY249403_28S,2568,,Fusarium circinatum,Map_C_0rel_N,28S,,,28S,+0rel,C,CN
313,U61651.1_28S mapping,543,12549,9217,3332,2699.0205607476637,U61651.1_28S,535,,,Map_C_0rel_N,28S,,,28S,+0rel,C,CN
314,U61599.1_18S mapping,440,2908,2692,216,403.0469897209985,U61599.1_18S,681,,,Map_C_0rel_N,18S,,,18S,+0rel,C,CN
315,U61677.1_ITS mapping,286,4347,4195,152,1001.2375478927204,U61677.1_ITS,522,,,Map_C_0rel_N,ITS,,,ITS,+0rel,C,CN
316,KC514065_EF1 mapping,146,9,9,0,1.2771982116244411,KC514065_EF1,671,,Fusarium circinatum,Map_C_0rel_N,EF1,,,EF1,+0rel,C,CN
317,KC514064_EF1 mapping,146,7,5,2,0.9359165424739196,KC514064_EF1,671,,Fusarium circinatum,Map_C_0rel_N,EF1,,,EF1,+0rel,C,CN
318,KC514063_EF1 mapping,146,4,4,0,0.6229508196721312,KC514063_EF1,671,,Fusarium circinatum,Map_C_0rel_N,EF1,,,EF1,+0rel,C,CN
319,KC514062_EF1 mapping,141,4,4,0,0.6261682242990654,KC514062_EF1,642,,Fusarium circinatum,Map_C_0rel_N,EF1,,,EF1,+0rel,C,CN
320,KC514061_EF1 mapping,214,7,7,0,1.0464071856287425,KC514061_EF1,668,,Fusarium circinatum,Map_C_0rel_N,EF1,,,EF1,+0rel,C,CN
321,KC514060_EF1 mapping,146,7,7,0,1.1922503725782414,KC514060_EF1,671,,Fusarium circinatum,Map_C_0rel_N,EF1,,,EF1,+0rel,C,CN
322,KC514059_EF1 mapping,146,6,6,0,1.0414814814814817,KC514059_EF1,675,,Fusarium circinatum,Map_C_0rel_N,EF1,,,EF1,+0rel,C,CN
323,KC514058_EF1 mapping,127,2,2,0,0.3558823529411765,KC514058_EF1,680,,Fusarium circinatum,Map_C_0rel_N,EF1,,,EF1,+0rel,C,CN
324,KC514057_EF1 mapping,141,7,7,0,1.0712166172106825,KC514057_EF1,674,,Fusarium circinatum,Map_C_0rel_N,EF1,,,EF1,+0rel,C,CN
325,KC514056_EF1 mapping,141,4,4,0,0.5520833333333334,KC514056_EF1,672,,Fusarium circinatum,Map_C_0rel_N,EF1,,,EF1,+0rel,C,CN
326,KC514055_EF1 mapping,146,8,8,0,1.2354694485842026,KC514055_EF1,671,,Fusarium circinatum,Map_C_0rel_N,EF1,,,EF1,+0rel,C,CN
327,AF160295_EF1 mapping,119,4,4,0,0.5287713841368584,AF160295_EF1,643,,Fusarium circinatum,Map_C_0rel_N,EF1,,,EF1,+0rel,C,CN
328,U61547.1_TUB2_1-4 mapping,217,30,28,2,5.375438596491228,U61547.1_TUB2_1-4,570,,,Map_C_0rel_N,TUB2,1-4,_,TUB2_1-4,+0rel,C,CN
329,U61625.1_TUB2_4-5 mapping,284,75,67,8,21.738505747126432,U61625.1_TUB2_4-5,348,,,Map_C_0rel_N,TUB2,4-5,_,TUB2_4-5,+0rel,C,CN
330,U61573.1_TUB2_4 mapping,318,153,121,32,60.132075471698116,U61573.1_TUB2_4,318,,,Map_C_0rel_N,TUB2,4,_,TUB2_4,+0rel,C,CN
331,FCU61547_TUB2_1-4 mapping,134,27,25,2,5.026315789473684,FCU61547_TUB2_1-4,570,,Fusarium circinatum,Map_C_0rel_N,TUB2,1-4,_,TUB2_1-4,+0rel,C,CN
332,AF160295.1_EF1 mapping,146,5,5,0,0.8351477449455676,AF160295.1_EF1,643,,,Map_C_0rel_N,EF1,,,EF1,+0rel,C,CN
333,AF158348.1_CAL mapping,346,26,18,8,4.5701624815361885,AF158348.1_CAL,677,,,Map_C_0rel_N,CAL,,,CAL,+0rel,C,CN
334,AF158342.1_CAL mapping,347,46,28,18,7.305185185185184,AF158342.1_CAL,675,,,Map_C_0rel_N,CAL,,,CAL,+0rel,C,CN
335,ENA|FJ744110.1:144..300:rRNA|_5S mapping,157,4656,4542,114,3268.936305732484,ENA|FJ744110.1:144..300:rRNA|_5S,157,,,Map_C_0rel_N,5S,,,5S,+0rel,C,CN
336,JX171623.1_RPB2 mapping,799,32,28,4,1.9393125671321159,JX171623.1_RPB2,1862,,,Map_C_0rel_N,RPB2,,,RPB2,+0rel,C,CN
337,JX171510.1_RPB1 mapping,490,62,58,4,4.429283489096573,JX171510.1_RPB1,1605,,,Map_C_0rel_N,RPB1,,,RPB1,+0rel,C,CN
338,HM068354.1_RPB2 mapping,718,45,43,2,2.957731407169609,HM068354.1_RPB2,1869,,,Map_C_0rel_N,RPB2,,,RPB2,+0rel,C,CN
339,MN534252.1_RPB2 mapping,574,23,19,4,1.3399889073765945,MN534252.1_RPB2,1803,,,Map_C_0rel_N,RPB2,,,RPB2,+0rel,C,CN
340,MN534251.1_RPB2 mapping,618,29,27,2,1.8585690515806987,MN534251.1_RPB2,1803,,,Map_C_0rel_N,RPB2,,,RPB2,+0rel,C,CN
341,AJ879950_28S mapping,1855,13550,1510,12040,1738.610452586207,AJ879950_28S,1856,,Fusarium circinatum,Map_C_0rel_P,28S,,,28S,+0rel,C,CP
342,AY249397_28S mapping,2569,67164,9162,58002,6160.240560529389,AY249397_28S,2569,,Fusarium circinatum,Map_C_0rel_P,28S,,,28S,+0rel,C,CP
343,AY249403_28S mapping,2568,68210,9268,58942,6267.192367601247,AY249403_28S,2568,,Fusarium circinatum,Map_C_0rel_P,28S,,,28S,+0rel,C,CP
344,U61651.1_28S mapping,535,46529,15373,31156,16559.005607476636,U61651.1_28S,535,,,Map_C_0rel_P,28S,,,28S,+0rel,C,CP
345,U61599.1_18S mapping,680,11746,4182,7564,3351.6299559471368,U61599.1_18S,681,,,Map_C_0rel_P,18S,,,18S,+0rel,C,CP
346,U61677.1_ITS mapping,522,36714,10920,25794,14522.155172413792,U61677.1_ITS,522,,,Map_C_0rel_P,ITS,,,ITS,+0rel,C,CP
347,KC514065_EF1 mapping,654,41,15,26,12.527570789865873,KC514065_EF1,671,,Fusarium circinatum,Map_C_0rel_P,EF1,,,EF1,+0rel,C,CP
348,KC514064_EF1 mapping,529,17,9,8,4.3338301043219065,KC514064_EF1,671,,Fusarium circinatum,Map_C_0rel_P,EF1,,,EF1,+0rel,C,CP
349,KC514063_EF1 mapping,364,15,5,10,3.512667660208644,KC514063_EF1,671,,Fusarium circinatum,Map_C_0rel_P,EF1,,,EF1,+0rel,C,CP
350,KC514062_EF1 mapping,629,19,9,10,5.870716510903428,KC514062_EF1,642,,Fusarium circinatum,Map_C_0rel_P,EF1,,,EF1,+0rel,C,CP
351,KC514061_EF1 mapping,632,27,11,16,8.664670658682635,KC514061_EF1,668,,Fusarium circinatum,Map_C_0rel_P,EF1,,,EF1,+0rel,C,CP
352,KC514060_EF1 mapping,662,58,12,46,20.460506706408342,KC514060_EF1,671,,Fusarium circinatum,Map_C_0rel_P,EF1,,,EF1,+0rel,C,CP
353,KC514059_EF1 mapping,666,23,7,16,6.998518518518519,KC514059_EF1,675,,Fusarium circinatum,Map_C_0rel_P,EF1,,,EF1,+0rel,C,CP
354,KC514058_EF1 mapping,680,80,24,56,21.08823529411765,KC514058_EF1,680,,Fusarium circinatum,Map_C_0rel_P,EF1,,,EF1,+0rel,C,CP
355,KC514057_EF1 mapping,650,74,26,48,19.943620178041538,KC514057_EF1,674,,Fusarium circinatum,Map_C_0rel_P,EF1,,,EF1,+0rel,C,CP
356,KC514056_EF1 mapping,572,12,6,6,2.537202380952381,KC514056_EF1,672,,Fusarium circinatum,Map_C_0rel_P,EF1,,,EF1,+0rel,C,CP
357,KC514055_EF1 mapping,670,54,16,38,18.09239940387481,KC514055_EF1,671,,Fusarium circinatum,Map_C_0rel_P,EF1,,,EF1,+0rel,C,CP
358,AF160295_EF1 mapping,585,18,6,12,5.255054432348367,AF160295_EF1,643,,Fusarium circinatum,Map_C_0rel_P,EF1,,,EF1,+0rel,C,CP
359,U61547.1_TUB2_1-4 mapping,570,190,54,136,67.80175438596491,U61547.1_TUB2_1-4,570,,,Map_C_0rel_P,TUB2,1-4,_,TUB2_1-4,+0rel,C,CP
360,U61625.1_TUB2_4-5 mapping,348,283,99,184,137.47413793103448,U61625.1_TUB2_4-5,348,,,Map_C_0rel_P,TUB2,4-5,_,TUB2_4-5,+0rel,C,CP
361,U61573.1_TUB2_4 mapping,318,361,185,176,184.1823899371069,U61573.1_TUB2_4,318,,,Map_C_0rel_P,TUB2,4,_,TUB2_4,+0rel,C,CP
362,FCU61547_TUB2_1-4 mapping,570,153,43,110,52.79473684210527,FCU61547_TUB2_1-4,570,,Fusarium circinatum,Map_C_0rel_P,TUB2,1-4,_,TUB2_1-4,+0rel,C,CP
363,AF160295.1_EF1 mapping,622,18,8,10,4.867807153965785,AF160295.1_EF1,643,,,Map_C_0rel_P,EF1,,,EF1,+0rel,C,CP
364,AF158348.1_CAL mapping,677,386,76,310,122.32053175775481,AF158348.1_CAL,677,,,Map_C_0rel_P,CAL,,,CAL,+0rel,C,CP
365,AF158342.1_CAL mapping,428,52,28,24,8.573333333333334,AF158342.1_CAL,675,,,Map_C_0rel_P,CAL,,,CAL,+0rel,C,CP
366,ENA|FJ744110.1:144..300:rRNA|_5S mapping,157,5152,4868,284,3718.464968152866,ENA|FJ744110.1:144..300:rRNA|_5S,157,,,Map_C_0rel_P,5S,,,5S,+0rel,C,CP
367,JX171623.1_RPB2 mapping,1747,216,62,154,24.353383458646608,JX171623.1_RPB2,1862,,,Map_C_0rel_P,RPB2,,,RPB2,+0rel,C,CP
368,JX171510.1_RPB1 mapping,1605,891,169,722,129.81993769470407,JX171510.1_RPB1,1605,,,Map_C_0rel_P,RPB1,,,RPB1,+0rel,C,CP
369,HM068354.1_RPB2 mapping,1769,302,86,216,32.84804708400214,HM068354.1_RPB2,1869,,,Map_C_0rel_P,RPB2,,,RPB2,+0rel,C,CP
370,MN534252.1_RPB2 mapping,1663,149,37,112,18.84803105934553,MN534252.1_RPB2,1803,,,Map_C_0rel_P,RPB2,,,RPB2,+0rel,C,CP
371,MN534251.1_RPB2 mapping,1698,356,66,290,44.528008874098724,MN534251.1_RPB2,1803,,,Map_C_0rel_P,RPB2,,,RPB2,+0rel,C,CP
372,AJ879950_28S mapping,1854,34676,30618,4058,2251.71875,AJ879950_28S,1856,,Fusarium circinatum,Map_C_2rel_N,28S,,,28S,+2rel,C,CN
373,AY249397_28S mapping,2569,84296,70666,13630,3899.66874270144,AY249397_28S,2569,,Fusarium circinatum,Map_C_2rel_N,28S,,,28S,+2rel,C,CN
374,AY249403_28S mapping,2568,84589,70679,13910,3915.5023364485987,AY249403_28S,2568,,Fusarium circinatum,Map_C_2rel_N,28S,,,28S,+2rel,C,CN
375,U61651.1_28S mapping,535,57081,50817,6264,12302.302803738316,U61651.1_28S,535,,,Map_C_2rel_N,28S,,,28S,+2rel,C,CN
376,U61599.1_18S mapping,680,19796,18166,1630,3271.389133627019,U61599.1_18S,681,,,Map_C_2rel_N,18S,,,18S,+2rel,C,CN
377,U61677.1_ITS mapping,522,43907,40835,3072,9712.124521072798,U61677.1_ITS,522,,,Map_C_2rel_N,ITS,,,ITS,+2rel,C,CN
378,KC514065_EF1 mapping,600,28,28,0,4.7257824143070035,KC514065_EF1,671,,Fusarium circinatum,Map_C_2rel_N,EF1,,,EF1,+2rel,C,CN
379,KC514064_EF1 mapping,570,25,23,2,3.9344262295081966,KC514064_EF1,671,,Fusarium circinatum,Map_C_2rel_N,EF1,,,EF1,+2rel,C,CN
380,KC514063_EF1 mapping,563,28,28,0,4.894187779433682,KC514063_EF1,671,,Fusarium circinatum,Map_C_2rel_N,EF1,,,EF1,+2rel,C,CN
381,KC514062_EF1 mapping,422,15,15,0,2.6292834890965735,KC514062_EF1,642,,Fusarium circinatum,Map_C_2rel_N,EF1,,,EF1,+2rel,C,CN
382,KC514061_EF1 mapping,592,30,28,2,5.1721556886227535,KC514061_EF1,668,,Fusarium circinatum,Map_C_2rel_N,EF1,,,EF1,+2rel,C,CN
383,KC514060_EF1 mapping,556,27,27,0,4.80327868852459,KC514060_EF1,671,,Fusarium circinatum,Map_C_2rel_N,EF1,,,EF1,+2rel,C,CN
384,KC514059_EF1 mapping,674,62,54,8,11.306666666666667,KC514059_EF1,675,,Fusarium circinatum,Map_C_2rel_N,EF1,,,EF1,+2rel,C,CN
385,KC514058_EF1 mapping,678,165,149,16,25.18088235294117,KC514058_EF1,680,,Fusarium circinatum,Map_C_2rel_N,EF1,,,EF1,+2rel,C,CN
386,KC514057_EF1 mapping,580,41,39,2,6.692878338278931,KC514057_EF1,674,,Fusarium circinatum,Map_C_2rel_N,EF1,,,EF1,+2rel,C,CN
387,KC514056_EF1 mapping,458,25,25,0,4.239583333333333,KC514056_EF1,672,,Fusarium circinatum,Map_C_2rel_N,EF1,,,EF1,+2rel,C,CN
388,KC514055_EF1 mapping,432,18,16,2,3.029806259314456,KC514055_EF1,671,,Fusarium circinatum,Map_C_2rel_N,EF1,,,EF1,+2rel,C,CN
389,AF160295_EF1 mapping,628,45,43,2,8.40746500777605,AF160295_EF1,643,,Fusarium circinatum,Map_C_2rel_N,EF1,,,EF1,+2rel,C,CN
390,U61547.1_TUB2_1-4 mapping,570,244,220,24,48.826315789473675,U61547.1_TUB2_1-4,570,,,Map_C_2rel_N,TUB2,1-4,_,TUB2_1-4,+2rel,C,CN
391,U61625.1_TUB2_4-5 mapping,348,409,397,12,121.5574712643678,U61625.1_TUB2_4-5,348,,,Map_C_2rel_N,TUB2,4-5,_,TUB2_4-5,+2rel,C,CN
392,U61573.1_TUB2_4 mapping,318,469,435,34,165.96540880503144,U61573.1_TUB2_4,318,,,Map_C_2rel_N,TUB2,4,_,TUB2_4,+2rel,C,CN
393,FCU61547_TUB2_1-4 mapping,570,252,232,20,50.45438596491229,FCU61547_TUB2_1-4,570,,Fusarium circinatum,Map_C_2rel_N,TUB2,1-4,_,TUB2_1-4,+2rel,C,CN
394,AF160295.1_EF1 mapping,624,44,44,0,8.331259720062206,AF160295.1_EF1,643,,,Map_C_2rel_N,EF1,,,EF1,+2rel,C,CN
395,AF158348.1_CAL mapping,635,288,274,14,46.76218611521418,AF158348.1_CAL,677,,,Map_C_2rel_N,CAL,,,CAL,+2rel,C,CN
396,AF158342.1_CAL mapping,678,359,323,36,63.41925925925926,AF158342.1_CAL,675,,,Map_C_2rel_N,CAL,,,CAL,+2rel,C,CN
397,ENA|FJ744110.1:144..300:rRNA|_5S mapping,157,9334,9220,114,6865.522292993632,ENA|FJ744110.1:144..300:rRNA|_5S,157,,,Map_C_2rel_N,5S,,,5S,+2rel,C,CN
398,JX171623.1_RPB2 mapping,1758,327,285,42,20.717508055853923,JX171623.1_RPB2,1862,,,Map_C_2rel_N,RPB2,,,RPB2,+2rel,C,CN
399,JX171510.1_RPB1 mapping,1605,1317,1127,190,99.08411214953271,JX171510.1_RPB1,1605,,,Map_C_2rel_N,RPB1,,,RPB1,+2rel,C,CN
400,HM068354.1_RPB2 mapping,1754,393,353,40,24.028357410379886,HM068354.1_RPB2,1869,,,Map_C_2rel_N,RPB2,,,RPB2,+2rel,C,CN
401,MN534252.1_RPB2 mapping,1603,276,242,34,18.62728785357737,MN534252.1_RPB2,1803,,,Map_C_2rel_N,RPB2,,,RPB2,+2rel,C,CN
402,MN534251.1_RPB2 mapping,1696,565,477,88,38.036051026067675,MN534251.1_RPB2,1803,,,Map_C_2rel_N,RPB2,,,RPB2,+2rel,C,CN
403,AJ879950_28S mapping,1854,48225,32127,16098,3990.3033405172414,AJ879950_28S,1856,,Fusarium circinatum,Map_C_2rel_P,28S,,,28S,+2rel,C,CP
404,AY249397_28S mapping,2569,149868,78254,71614,10007.84429739198,AY249397_28S,2569,,Fusarium circinatum,Map_C_2rel_P,28S,,,28S,+2rel,C,CP
405,AY249403_28S mapping,2568,151182,78342,72840,10129.946261682244,AY249403_28S,2568,,Fusarium circinatum,Map_C_2rel_P,28S,,,28S,+2rel,C,CP
406,U61651.1_28S mapping,535,91061,56973,34088,26162.28785046729,U61651.1_28S,535,,,Map_C_2rel_P,28S,,,28S,+2rel,C,CP
407,U61599.1_18S mapping,680,28634,19656,8978,6219.972099853158,U61599.1_18S,681,,,Map_C_2rel_P,18S,,,18S,+2rel,C,CP
408,U61677.1_ITS mapping,522,76274,47560,28714,23233.042145593867,U61677.1_ITS,522,,,Map_C_2rel_P,ITS,,,ITS,+2rel,C,CP
409,KC514065_EF1 mapping,654,60,34,26,15.976154992548434,KC514065_EF1,671,,Fusarium circinatum,Map_C_2rel_P,EF1,,,EF1,+2rel,C,CP
410,KC514064_EF1 mapping,592,35,27,8,7.332339791356184,KC514064_EF1,671,,Fusarium circinatum,Map_C_2rel_P,EF1,,,EF1,+2rel,C,CP
411,KC514063_EF1 mapping,580,39,29,10,7.783904619970193,KC514063_EF1,671,,Fusarium circinatum,Map_C_2rel_P,EF1,,,EF1,+2rel,C,CP
412,KC514062_EF1 mapping,629,30,20,10,7.8738317757009355,KC514062_EF1,642,,Fusarium circinatum,Map_C_2rel_P,EF1,,,EF1,+2rel,C,CP
413,KC514061_EF1 mapping,649,50,32,18,12.790419161676647,KC514061_EF1,668,,Fusarium circinatum,Map_C_2rel_P,EF1,,,EF1,+2rel,C,CP
414,KC514060_EF1 mapping,662,78,32,46,24.071535022354695,KC514060_EF1,671,,Fusarium circinatum,Map_C_2rel_P,EF1,,,EF1,+2rel,C,CP
415,KC514059_EF1 mapping,675,79,55,24,17.263703703703705,KC514059_EF1,675,,Fusarium circinatum,Map_C_2rel_P,EF1,,,EF1,+2rel,C,CP
416,KC514058_EF1 mapping,679,243,171,72,45.91323529411765,KC514058_EF1,680,,Fusarium circinatum,Map_C_2rel_P,EF1,,,EF1,+2rel,C,CP
417,KC514057_EF1 mapping,678,108,58,50,25.565281899109788,KC514057_EF1,674,,Fusarium circinatum,Map_C_2rel_P,EF1,,,EF1,+2rel,C,CP
418,KC514056_EF1 mapping,581,33,27,6,6.2247023809523805,KC514056_EF1,672,,Fusarium circinatum,Map_C_2rel_P,EF1,,,EF1,+2rel,C,CP
419,KC514055_EF1 mapping,670,64,24,40,19.88673621460507,KC514055_EF1,671,,Fusarium circinatum,Map_C_2rel_P,EF1,,,EF1,+2rel,C,CP
420,AF160295_EF1 mapping,630,59,45,14,13.133748055987557,AF160295_EF1,643,,Fusarium circinatum,Map_C_2rel_P,EF1,,,EF1,+2rel,C,CP
421,U61547.1_TUB2_1-4 mapping,570,404,246,158,111.25263157894736,U61547.1_TUB2_1-4,570,,,Map_C_2rel_P,TUB2,1-4,_,TUB2_1-4,+2rel,C,CP
422,U61625.1_TUB2_4-5 mapping,348,617,429,188,237.29310344827587,U61625.1_TUB2_4-5,348,,,Map_C_2rel_P,TUB2,4-5,_,TUB2_4-5,+2rel,C,CP
423,U61573.1_TUB2_4 mapping,318,677,499,178,290.01572327044033,U61573.1_TUB2_4,318,,,Map_C_2rel_P,TUB2,4,_,TUB2_4,+2rel,C,CP
424,FCU61547_TUB2_1-4 mapping,570,378,250,128,98.22280701754384,FCU61547_TUB2_1-4,570,,Fusarium circinatum,Map_C_2rel_P,TUB2,1-4,_,TUB2_1-4,+2rel,C,CP
425,AF160295.1_EF1 mapping,624,57,47,10,12.363919129082424,AF160295.1_EF1,643,,,Map_C_2rel_P,EF1,,,EF1,+2rel,C,CP
426,AF158348.1_CAL mapping,677,648,332,316,164.51255539143278,AF158348.1_CAL,677,,,Map_C_2rel_P,CAL,,,CAL,+2rel,C,CP
427,AF158342.1_CAL mapping,676,365,323,42,64.68740740740739,AF158342.1_CAL,675,,,Map_C_2rel_P,CAL,,,CAL,+2rel,C,CP
428,ENA|FJ744110.1:144..300:rRNA|_5S mapping,157,9830,9546,284,7315.050955414013,ENA|FJ744110.1:144..300:rRNA|_5S,157,,,Map_C_2rel_P,5S,,,5S,+2rel,C,CP
429,JX171623.1_RPB2 mapping,1760,511,319,192,43.131578947368425,JX171623.1_RPB2,1862,,,Map_C_2rel_P,RPB2,,,RPB2,+2rel,C,CP
430,JX171510.1_RPB1 mapping,1605,2146,1238,908,224.4747663551402,JX171510.1_RPB1,1605,,,Map_C_2rel_P,RPB1,,,RPB1,+2rel,C,CP
431,HM068354.1_RPB2 mapping,1769,650,396,254,53.91867308721241,HM068354.1_RPB2,1869,,,Map_C_2rel_P,RPB2,,,RPB2,+2rel,C,CP
432,MN534252.1_RPB2 mapping,1667,402,260,142,36.13533000554632,MN534252.1_RPB2,1803,,,Map_C_2rel_P,RPB2,,,RPB2,+2rel,C,CP
433,MN534251.1_RPB2 mapping,1698,892,516,376,80.7054908485857,MN534251.1_RPB2,1803,,,Map_C_2rel_P,RPB2,,,RPB2,+2rel,C,CP
434,AJ879950_28S mapping,1852,61756,54090,7666,3915.449353448276,AJ879950_28S,1856,,Fusarium circinatum,Map_C_4rel_N,28S,,,28S,+4rel,C,CN
435,AY249397_28S mapping,2569,146098,123528,22570,6721.395873880888,AY249397_28S,2569,,Fusarium circinatum,Map_C_4rel_N,28S,,,28S,+4rel,C,CN
436,AY249403_28S mapping,2568,146686,123542,23144,6746.286214953271,AY249403_28S,2568,,Fusarium circinatum,Map_C_4rel_N,28S,,,28S,+4rel,C,CN
437,U61651.1_28S mapping,535,93329,85111,8218,20147.663551401867,U61651.1_28S,535,,,Map_C_4rel_N,28S,,,28S,+4rel,C,CN
438,U61599.1_18S mapping,680,39204,36498,2706,6514.237885462555,U61599.1_18S,681,,,Map_C_4rel_N,18S,,,18S,+4rel,C,CN
439,U61677.1_ITS mapping,522,76208,71244,4964,16833.745210727968,U61677.1_ITS,522,,,Map_C_4rel_N,ITS,,,ITS,+4rel,C,CN
440,KC514065_EF1 mapping,600,42,42,0,7.166915052160954,KC514065_EF1,671,,Fusarium circinatum,Map_C_4rel_N,EF1,,,EF1,+4rel,C,CN
441,KC514064_EF1 mapping,570,34,32,2,5.429210134128167,KC514064_EF1,671,,Fusarium circinatum,Map_C_4rel_N,EF1,,,EF1,+4rel,C,CN
442,KC514063_EF1 mapping,578,35,35,0,6.18628912071535,KC514063_EF1,671,,Fusarium circinatum,Map_C_4rel_N,EF1,,,EF1,+4rel,C,CN
443,KC514062_EF1 mapping,458,31,29,2,5.582554517133956,KC514062_EF1,642,,Fusarium circinatum,Map_C_4rel_N,EF1,,,EF1,+4rel,C,CN
444,KC514061_EF1 mapping,593,46,42,4,8.013473053892216,KC514061_EF1,668,,Fusarium circinatum,Map_C_4rel_N,EF1,,,EF1,+4rel,C,CN
445,KC514060_EF1 mapping,586,48,44,4,8.479880774962743,KC514060_EF1,671,,Fusarium circinatum,Map_C_4rel_N,EF1,,,EF1,+4rel,C,CN
446,KC514059_EF1 mapping,674,122,108,14,22.25333333333333,KC514059_EF1,675,,Fusarium circinatum,Map_C_4rel_N,EF1,,,EF1,+4rel,C,CN
447,KC514058_EF1 mapping,679,278,248,30,42.69558823529412,KC514058_EF1,680,,Fusarium circinatum,Map_C_4rel_N,EF1,,,EF1,+4rel,C,CN
448,KC514057_EF1 mapping,676,65,63,2,10.037091988130564,KC514057_EF1,674,,Fusarium circinatum,Map_C_4rel_N,EF1,,,EF1,+4rel,C,CN
449,KC514056_EF1 mapping,545,32,32,0,5.4017857142857135,KC514056_EF1,672,,Fusarium circinatum,Map_C_4rel_N,EF1,,,EF1,+4rel,C,CN
450,KC514055_EF1 mapping,544,30,28,2,5.126676602086438,KC514055_EF1,671,,Fusarium circinatum,Map_C_4rel_N,EF1,,,EF1,+4rel,C,CN
451,AF160295_EF1 mapping,634,84,82,2,15.842923794712286,AF160295_EF1,643,,Fusarium circinatum,Map_C_4rel_N,EF1,,,EF1,+4rel,C,CN
452,U61547.1_TUB2_1-4 mapping,570,418,388,30,83.9298245614035,U61547.1_TUB2_1-4,570,,,Map_C_4rel_N,TUB2,1-4,_,TUB2_1-4,+4rel,C,CN
453,U61625.1_TUB2_4-5 mapping,348,689,675,14,203.99137931034485,U61625.1_TUB2_4-5,348,,,Map_C_4rel_N,TUB2,4-5,_,TUB2_4-5,+4rel,C,CN
454,U61573.1_TUB2_4 mapping,318,741,705,36,255.87106918239,U61573.1_TUB2_4,318,,,Map_C_4rel_N,TUB2,4,_,TUB2_4,+4rel,C,CN
455,FCU61547_TUB2_1-4 mapping,570,435,411,24,86.86140350877193,FCU61547_TUB2_1-4,570,,Fusarium circinatum,Map_C_4rel_N,TUB2,1-4,_,TUB2_1-4,+4rel,C,CN
456,AF160295.1_EF1 mapping,624,74,74,0,14.080870917573874,AF160295.1_EF1,643,,,Map_C_4rel_N,EF1,,,EF1,+4rel,C,CN
457,AF158348.1_CAL mapping,650,404,384,20,66.5642540620384,AF158348.1_CAL,677,,,Map_C_4rel_N,CAL,,,CAL,+4rel,C,CN
458,AF158342.1_CAL mapping,675,643,589,54,113.28592592592592,AF158342.1_CAL,675,,,Map_C_4rel_N,CAL,,,CAL,+4rel,C,CN
459,ENA|FJ744110.1:144..300:rRNA|_5S mapping,157,13334,13220,114,9945.643312101909,ENA|FJ744110.1:144..300:rRNA|_5S,157,,,Map_C_4rel_N,5S,,,5S,+4rel,C,CN
460,JX171623.1_RPB2 mapping,1760,544,472,72,34.575187969924805,JX171623.1_RPB2,1862,,,Map_C_4rel_N,RPB2,,,RPB2,+4rel,C,CN
461,JX171510.1_RPB1 mapping,1605,2193,1839,354,165.64735202492213,JX171510.1_RPB1,1605,,,Map_C_4rel_N,RPB1,,,RPB1,+4rel,C,CN
462,HM068354.1_RPB2 mapping,1766,687,597,90,41.69288389513109,HM068354.1_RPB2,1869,,,Map_C_4rel_N,RPB2,,,RPB2,+4rel,C,CN
463,MN534252.1_RPB2 mapping,1607,449,401,48,30.4342762063228,MN534252.1_RPB2,1803,,,Map_C_4rel_N,RPB2,,,RPB2,+4rel,C,CN
464,MN534251.1_RPB2 mapping,1696,948,786,162,64.0077648363838,MN534251.1_RPB2,1803,,,Map_C_4rel_N,RPB2,,,RPB2,+4rel,C,CN
465,AJ879950_28S mapping,1852,75305,55599,19706,5654.033943965517,AJ879950_28S,1856,,Fusarium circinatum,Map_C_4rel_P,28S,,,28S,+4rel,C,CP
466,AY249397_28S mapping,2569,211670,131116,80554,12829.571428571431,AY249397_28S,2569,,Fusarium circinatum,Map_C_4rel_P,28S,,,28S,+4rel,C,CP
467,AY249403_28S mapping,2568,213279,131205,82074,12960.730140186917,AY249403_28S,2568,,Fusarium circinatum,Map_C_4rel_P,28S,,,28S,+4rel,C,CP
468,U61651.1_28S mapping,535,127309,91267,36042,34007.64859813084,U61651.1_28S,535,,,Map_C_4rel_P,28S,,,28S,+4rel,C,CP
469,U61599.1_18S mapping,680,48042,37988,10054,9462.820851688692,U61599.1_18S,681,,,Map_C_4rel_P,18S,,,18S,+4rel,C,CP
470,U61677.1_ITS mapping,522,108575,77969,30606,30354.662835249037,U61677.1_ITS,522,,,Map_C_4rel_P,ITS,,,ITS,+4rel,C,CP
471,KC514065_EF1 mapping,654,74,48,26,18.417287630402384,KC514065_EF1,671,,Fusarium circinatum,Map_C_4rel_P,EF1,,,EF1,+4rel,C,CP
472,KC514064_EF1 mapping,592,44,36,8,8.827123695976155,KC514064_EF1,671,,Fusarium circinatum,Map_C_4rel_P,EF1,,,EF1,+4rel,C,CP
473,KC514063_EF1 mapping,581,46,36,10,9.076005961251862,KC514063_EF1,671,,Fusarium circinatum,Map_C_4rel_P,EF1,,,EF1,+4rel,C,CP
474,KC514062_EF1 mapping,629,46,34,12,10.82710280373832,KC514062_EF1,642,,Fusarium circinatum,Map_C_4rel_P,EF1,,,EF1,+4rel,C,CP
475,KC514061_EF1 mapping,649,66,46,20,15.631736526946108,KC514061_EF1,668,,Fusarium circinatum,Map_C_4rel_P,EF1,,,EF1,+4rel,C,CP
476,KC514060_EF1 mapping,662,99,49,50,27.748137108792854,KC514060_EF1,671,,Fusarium circinatum,Map_C_4rel_P,EF1,,,EF1,+4rel,C,CP
477,KC514059_EF1 mapping,675,139,109,30,28.21037037037037,KC514059_EF1,675,,Fusarium circinatum,Map_C_4rel_P,EF1,,,EF1,+4rel,C,CP
478,KC514058_EF1 mapping,679,356,270,86,63.4279411764706,KC514058_EF1,680,,Fusarium circinatum,Map_C_4rel_P,EF1,,,EF1,+4rel,C,CP
479,KC514057_EF1 mapping,679,132,82,50,28.909495548961424,KC514057_EF1,674,,Fusarium circinatum,Map_C_4rel_P,EF1,,,EF1,+4rel,C,CP
480,KC514056_EF1 mapping,582,40,34,6,7.386904761904763,KC514056_EF1,672,,Fusarium circinatum,Map_C_4rel_P,EF1,,,EF1,+4rel,C,CP
481,KC514055_EF1 mapping,670,76,36,40,21.983606557377048,KC514055_EF1,671,,Fusarium circinatum,Map_C_4rel_P,EF1,,,EF1,+4rel,C,CP
482,AF160295_EF1 mapping,630,98,84,14,20.569206842923798,AF160295_EF1,643,,Fusarium circinatum,Map_C_4rel_P,EF1,,,EF1,+4rel,C,CP
483,U61547.1_TUB2_1-4 mapping,570,578,414,164,146.35614035087718,U61547.1_TUB2_1-4,570,,,Map_C_4rel_P,TUB2,1-4,_,TUB2_1-4,+4rel,C,CP
484,U61625.1_TUB2_4-5 mapping,348,897,707,190,319.7270114942528,U61625.1_TUB2_4-5,348,,,Map_C_4rel_P,TUB2,4-5,_,TUB2_4-5,+4rel,C,CP
485,U61573.1_TUB2_4 mapping,318,949,769,180,379.9213836477988,U61573.1_TUB2_4,318,,,Map_C_4rel_P,TUB2,4,_,TUB2_4,+4rel,C,CP
486,FCU61547_TUB2_1-4 mapping,570,561,429,132,134.6298245614035,FCU61547_TUB2_1-4,570,,Fusarium circinatum,Map_C_4rel_P,TUB2,1-4,_,TUB2_1-4,+4rel,C,CP
487,AF160295.1_EF1 mapping,624,87,77,10,18.11353032659409,AF160295.1_EF1,643,,,Map_C_4rel_P,EF1,,,EF1,+4rel,C,CP
488,AF158348.1_CAL mapping,677,764,442,322,184.31462333825698,AF158348.1_CAL,677,,,Map_C_4rel_P,CAL,,,CAL,+4rel,C,CP
489,AF158342.1_CAL mapping,675,649,589,60,114.55407407407408,AF158342.1_CAL,675,,,Map_C_4rel_P,CAL,,,CAL,+4rel,C,CP
490,ENA|FJ744110.1:144..300:rRNA|_5S mapping,157,13830,13546,284,10395.171974522293,ENA|FJ744110.1:144..300:rRNA|_5S,157,,,Map_C_4rel_P,5S,,,5S,+4rel,C,CP
491,JX171623.1_RPB2 mapping,1762,728,506,222,56.98925886143931,JX171623.1_RPB2,1862,,,Map_C_4rel_P,RPB2,,,RPB2,+4rel,C,CP
492,JX171510.1_RPB1 mapping,1605,3022,1950,1072,291.0380062305296,JX171510.1_RPB1,1605,,,Map_C_4rel_P,RPB1,,,RPB1,+4rel,C,CP
493,HM068354.1_RPB2 mapping,1769,944,640,304,71.58319957196362,HM068354.1_RPB2,1869,,,Map_C_4rel_P,RPB2,,,RPB2,+4rel,C,CP
494,MN534252.1_RPB2 mapping,1667,575,419,156,47.94231835829174,MN534252.1_RPB2,1803,,,Map_C_4rel_P,RPB2,,,RPB2,+4rel,C,CP
495,MN534251.1_RPB2 mapping,1698,1275,825,450,106.67720465890184,MN534251.1_RPB2,1803,,,Map_C_4rel_P,RPB2,,,RPB2,+4rel,C,CP
496,AJ879950_28S mapping,1854,97238,82456,14782,6277.091594827585,AJ879950_28S,1856,,Fusarium circinatum,Map_C_6rel_N,28S,,,28S,+6rel,C,CN
497,AY249397_28S mapping,2569,252142,195186,56956,11718.755546905413,AY249397_28S,2569,,Fusarium circinatum,Map_C_6rel_N,28S,,,28S,+6rel,C,CN
498,AY249403_28S mapping,2568,253538,195598,57940,11785.807632398752,AY249403_28S,2568,,Fusarium circinatum,Map_C_6rel_N,28S,,,28S,+6rel,C,CN
499,U61651.1_28S mapping,535,145420,132594,12826,31363.16822429906,U61651.1_28S,535,,,Map_C_6rel_N,28S,,,28S,+6rel,C,CN
500,U61599.1_18S mapping,681,57578,52182,5396,9699.201174743024,U61599.1_18S,681,,,Map_C_6rel_N,18S,,,18S,+6rel,C,CN
501,U61677.1_ITS mapping,522,123151,113345,9806,27146.932950191567,U61677.1_ITS,522,,,Map_C_6rel_N,ITS,,,ITS,+6rel,C,CN
502,KC514065_EF1 mapping,614,66,66,0,11.657228017883757,KC514065_EF1,671,,Fusarium circinatum,Map_C_6rel_N,EF1,,,EF1,+6rel,C,CN
503,KC514064_EF1 mapping,571,44,42,2,7.211624441132638,KC514064_EF1,671,,Fusarium circinatum,Map_C_6rel_N,EF1,,,EF1,+6rel,C,CN
504,KC514063_EF1 mapping,582,43,43,0,7.688524590163934,KC514063_EF1,671,,Fusarium circinatum,Map_C_6rel_N,EF1,,,EF1,+6rel,C,CN
505,KC514062_EF1 mapping,487,49,47,2,9.096573208722742,KC514062_EF1,642,,Fusarium circinatum,Map_C_6rel_N,EF1,,,EF1,+6rel,C,CN
506,KC514061_EF1 mapping,599,70,66,4,12.526946107784429,KC514061_EF1,668,,Fusarium circinatum,Map_C_6rel_N,EF1,,,EF1,+6rel,C,CN
507,KC514060_EF1 mapping,605,67,63,4,12.038748137108795,KC514060_EF1,671,,Fusarium circinatum,Map_C_6rel_N,EF1,,,EF1,+6rel,C,CN
508,KC514059_EF1 mapping,674,196,178,18,36.004444444444445,KC514059_EF1,675,,Fusarium circinatum,Map_C_6rel_N,EF1,,,EF1,+6rel,C,CN
509,KC514058_EF1 mapping,679,498,428,70,78.06470588235294,KC514058_EF1,680,,Fusarium circinatum,Map_C_6rel_N,EF1,,,EF1,+6rel,C,CN
510,KC514057_EF1 mapping,676,101,97,4,15.083086053412464,KC514057_EF1,674,,Fusarium circinatum,Map_C_6rel_N,EF1,,,EF1,+6rel,C,CN
511,KC514056_EF1 mapping,578,40,40,0,6.892857142857142,KC514056_EF1,672,,Fusarium circinatum,Map_C_6rel_N,EF1,,,EF1,+6rel,C,CN
512,KC514055_EF1 mapping,550,44,42,2,7.7362146050670635,KC514055_EF1,671,,Fusarium circinatum,Map_C_6rel_N,EF1,,,EF1,+6rel,C,CN
513,AF160295_EF1 mapping,630,158,150,8,30.300155520995336,AF160295_EF1,643,,Fusarium circinatum,Map_C_6rel_N,EF1,,,EF1,+6rel,C,CN
514,U61547.1_TUB2_1-4 mapping,570,656,606,50,132.85614035087718,U61547.1_TUB2_1-4,570,,,Map_C_6rel_N,TUB2,1-4,_,TUB2_1-4,+6rel,C,CN
515,U61625.1_TUB2_4-5 mapping,348,1057,1041,16,316.7586206896552,U61625.1_TUB2_4-5,348,,,Map_C_6rel_N,TUB2,4-5,_,TUB2_4-5,+6rel,C,CN
516,U61573.1_TUB2_4 mapping,318,1090,1054,36,373.0251572327044,U61573.1_TUB2_4,318,,,Map_C_6rel_N,TUB2,4,_,TUB2_4,+6rel,C,CN
517,FCU61547_TUB2_1-4 mapping,570,680,638,42,136.54736842105262,FCU61547_TUB2_1-4,570,,Fusarium circinatum,Map_C_6rel_N,TUB2,1-4,_,TUB2_1-4,+6rel,C,CN
518,AF160295.1_EF1 mapping,637,136,134,2,26.203732503888027,AF160295.1_EF1,643,,,Map_C_6rel_N,EF1,,,EF1,+6rel,C,CN
519,AF158348.1_CAL mapping,650,679,627,52,111.85376661742984,AF158348.1_CAL,677,,,Map_C_6rel_N,CAL,,,CAL,+6rel,C,CN
520,AF158342.1_CAL mapping,675,1028,946,82,182.60444444444443,AF158342.1_CAL,675,,,Map_C_6rel_N,CAL,,,CAL,+6rel,C,CN
521,ENA|FJ744110.1:144..300:rRNA|_5S mapping,157,19075,18961,114,14336.503184713376,ENA|FJ744110.1:144..300:rRNA|_5S,157,,,Map_C_6rel_N,5S,,,5S,+6rel,C,CN
522,JX171623.1_RPB2 mapping,1760,872,750,122,55.28088077336198,JX171623.1_RPB2,1862,,,Map_C_6rel_N,RPB2,,,RPB2,+6rel,C,CN
523,JX171510.1_RPB1 mapping,1605,3744,2968,776,283.69345794392524,JX171510.1_RPB1,1605,,,Map_C_6rel_N,RPB1,,,RPB1,+6rel,C,CN
524,HM068354.1_RPB2 mapping,1766,1120,932,188,68.09416800428036,HM068354.1_RPB2,1869,,,Map_C_6rel_N,RPB2,,,RPB2,+6rel,C,CN
525,MN534252.1_RPB2 mapping,1612,712,620,92,48.35884636716583,MN534252.1_RPB2,1803,,,Map_C_6rel_N,RPB2,,,RPB2,+6rel,C,CN
526,MN534251.1_RPB2 mapping,1701,1663,1267,396,112.3399889073766,MN534251.1_RPB2,1803,,,Map_C_6rel_N,RPB2,,,RPB2,+6rel,C,CN
527,AJ879950_28S mapping,1854,110787,83965,26822,8015.676185344828,AJ879950_28S,1856,,Fusarium circinatum,Map_C_6rel_P,28S,,,28S,+6rel,C,CP
528,AY249397_28S mapping,2569,317714,202774,114940,17826.93110159595,AY249397_28S,2569,,Fusarium circinatum,Map_C_6rel_P,28S,,,28S,+6rel,C,CP
529,AY249403_28S mapping,2568,320131,203261,116870,18000.2515576324,AY249403_28S,2568,,Fusarium circinatum,Map_C_6rel_P,28S,,,28S,+6rel,C,CP
530,U61651.1_28S mapping,535,179400,138750,40650,45223.15327102804,U61651.1_28S,535,,,Map_C_6rel_P,28S,,,28S,+6rel,C,CP
531,U61599.1_18S mapping,681,66416,53672,12744,12647.784140969165,U61599.1_18S,681,,,Map_C_6rel_P,18S,,,18S,+6rel,C,CP
532,U61677.1_ITS mapping,522,155518,120070,35448,40667.85057471264,U61677.1_ITS,522,,,Map_C_6rel_P,ITS,,,ITS,+6rel,C,CP
533,KC514065_EF1 mapping,653,98,72,26,22.90760059612518,KC514065_EF1,671,,Fusarium circinatum,Map_C_6rel_P,EF1,,,EF1,+6rel,C,CP
534,KC514064_EF1 mapping,591,54,46,8,10.609538002980626,KC514064_EF1,671,,Fusarium circinatum,Map_C_6rel_P,EF1,,,EF1,+6rel,C,CP
535,KC514063_EF1 mapping,585,54,44,10,10.578241430700448,KC514063_EF1,671,,Fusarium circinatum,Map_C_6rel_P,EF1,,,EF1,+6rel,C,CP
536,KC514062_EF1 mapping,629,64,52,12,14.341121495327105,KC514062_EF1,642,,Fusarium circinatum,Map_C_6rel_P,EF1,,,EF1,+6rel,C,CP
537,KC514061_EF1 mapping,649,90,70,20,20.145209580838326,KC514061_EF1,668,,Fusarium circinatum,Map_C_6rel_P,EF1,,,EF1,+6rel,C,CP
538,KC514060_EF1 mapping,662,118,68,50,31.307004470938892,KC514060_EF1,671,,Fusarium circinatum,Map_C_6rel_P,EF1,,,EF1,+6rel,C,CP
539,KC514059_EF1 mapping,674,213,179,34,41.96148148148149,KC514059_EF1,675,,Fusarium circinatum,Map_C_6rel_P,EF1,,,EF1,+6rel,C,CP
540,KC514058_EF1 mapping,679,576,450,126,98.79705882352941,KC514058_EF1,680,,Fusarium circinatum,Map_C_6rel_P,EF1,,,EF1,+6rel,C,CP
541,KC514057_EF1 mapping,678,168,116,52,33.95548961424333,KC514057_EF1,674,,Fusarium circinatum,Map_C_6rel_P,EF1,,,EF1,+6rel,C,CP
542,KC514056_EF1 mapping,592,48,42,6,8.87797619047619,KC514056_EF1,672,,Fusarium circinatum,Map_C_6rel_P,EF1,,,EF1,+6rel,C,CP
543,KC514055_EF1 mapping,670,90,50,40,24.593144560357675,KC514055_EF1,671,,Fusarium circinatum,Map_C_6rel_P,EF1,,,EF1,+6rel,C,CP
544,AF160295_EF1 mapping,630,172,152,20,35.02643856920685,AF160295_EF1,643,,Fusarium circinatum,Map_C_6rel_P,EF1,,,EF1,+6rel,C,CP
545,U61547.1_TUB2_1-4 mapping,570,816,632,184,195.28245614035092,U61547.1_TUB2_1-4,570,,,Map_C_6rel_P,TUB2,1-4,_,TUB2_1-4,+6rel,C,CP
546,U61625.1_TUB2_4-5 mapping,348,1265,1073,192,432.49425287356314,U61625.1_TUB2_4-5,348,,,Map_C_6rel_P,TUB2,4-5,_,TUB2_4-5,+6rel,C,CP
547,U61573.1_TUB2_4 mapping,318,1298,1118,180,497.0754716981132,U61573.1_TUB2_4,318,,,Map_C_6rel_P,TUB2,4,_,TUB2_4,+6rel,C,CP
548,FCU61547_TUB2_1-4 mapping,570,806,656,150,184.31578947368425,FCU61547_TUB2_1-4,570,,Fusarium circinatum,Map_C_6rel_P,TUB2,1-4,_,TUB2_1-4,+6rel,C,CP
549,AF160295.1_EF1 mapping,637,149,137,12,30.236391912908243,AF160295.1_EF1,643,,,Map_C_6rel_P,EF1,,,EF1,+6rel,C,CP
550,AF158348.1_CAL mapping,677,1039,685,354,229.60413589364845,AF158348.1_CAL,677,,,Map_C_6rel_P,CAL,,,CAL,+6rel,C,CP
551,AF158342.1_CAL mapping,675,1034,946,88,183.87259259259255,AF158342.1_CAL,675,,,Map_C_6rel_P,CAL,,,CAL,+6rel,C,CP
552,ENA|FJ744110.1:144..300:rRNA|_5S mapping,157,19571,19287,284,14786.031847133758,ENA|FJ744110.1:144..300:rRNA|_5S,157,,,Map_C_6rel_P,5S,,,5S,+6rel,C,CP
553,JX171623.1_RPB2 mapping,1762,1056,784,272,77.69495166487647,JX171623.1_RPB2,1862,,,Map_C_6rel_P,RPB2,,,RPB2,+6rel,C,CP
554,JX171510.1_RPB1 mapping,1605,4573,3079,1494,409.0841121495327,JX171510.1_RPB1,1605,,,Map_C_6rel_P,RPB1,,,RPB1,+6rel,C,CP
555,HM068354.1_RPB2 mapping,1769,1377,975,402,97.98448368111288,HM068354.1_RPB2,1869,,,Map_C_6rel_P,RPB2,,,RPB2,+6rel,C,CP
556,MN534252.1_RPB2 mapping,1668,838,638,200,65.86688851913478,MN534252.1_RPB2,1803,,,Map_C_6rel_P,RPB2,,,RPB2,+6rel,C,CP
557,MN534251.1_RPB2 mapping,1701,1990,1306,684,155.0094287298946,MN534251.1_RPB2,1803,,,Map_C_6rel_P,RPB2,,,RPB2,+6rel,C,CP
558,AJ879950_28S mapping,1853,137551,117413,20138,8895.56411637931,AJ879950_28S,1856,,Fusarium circinatum,Map_C_8rel_N,28S,,,28S,+8rel,C,CN
559,AY249397_28S mapping,2568,366738,282780,83958,17051.50992604126,AY249397_28S,2569,,Fusarium circinatum,Map_C_8rel_N,28S,,,28S,+8rel,C,CN
560,AY249403_28S mapping,2567,368521,283067,85454,17141.102414330217,AY249403_28S,2568,,Fusarium circinatum,Map_C_8rel_N,28S,,,28S,+8rel,C,CN
561,U61651.1_28S mapping,535,206936,190154,16782,44651.85794392524,U61651.1_28S,535,,,Map_C_8rel_N,28S,,,28S,+8rel,C,CN
562,U61599.1_18S mapping,681,80762,73062,7700,13672.558002936858,U61599.1_18S,681,,,Map_C_8rel_N,18S,,,18S,+8rel,C,CN
563,U61677.1_ITS mapping,522,178172,164344,13828,39258.028735632186,U61677.1_ITS,522,,,Map_C_8rel_N,ITS,,,ITS,+8rel,C,CN
564,KC514065_EF1 mapping,614,98,98,0,17.57973174366617,KC514065_EF1,671,,Fusarium circinatum,Map_C_8rel_N,EF1,,,EF1,+8rel,C,CN
565,KC514064_EF1 mapping,578,62,58,4,10.493293591654249,KC514064_EF1,671,,Fusarium circinatum,Map_C_8rel_N,EF1,,,EF1,+8rel,C,CN
566,KC514063_EF1 mapping,582,62,62,0,11.107302533532042,KC514063_EF1,671,,Fusarium circinatum,Map_C_8rel_N,EF1,,,EF1,+8rel,C,CN
567,KC514062_EF1 mapping,491,63,61,2,11.777258566978194,KC514062_EF1,642,,Fusarium circinatum,Map_C_8rel_N,EF1,,,EF1,+8rel,C,CN
568,KC514061_EF1 mapping,603,96,92,4,17.381736526946106,KC514061_EF1,668,,Fusarium circinatum,Map_C_8rel_N,EF1,,,EF1,+8rel,C,CN
569,KC514060_EF1 mapping,617,99,95,4,17.88822652757079,KC514060_EF1,671,,Fusarium circinatum,Map_C_8rel_N,EF1,,,EF1,+8rel,C,CN
570,KC514059_EF1 mapping,674,288,264,24,52.94666666666666,KC514059_EF1,675,,Fusarium circinatum,Map_C_8rel_N,EF1,,,EF1,+8rel,C,CN
571,KC514058_EF1 mapping,679,683,591,92,107.21470588235294,KC514058_EF1,680,,Fusarium circinatum,Map_C_8rel_N,EF1,,,EF1,+8rel,C,CN
572,KC514057_EF1 mapping,676,157,153,4,22.399109792284865,KC514057_EF1,674,,Fusarium circinatum,Map_C_8rel_N,EF1,,,EF1,+8rel,C,CN
573,KC514056_EF1 mapping,589,51,51,0,8.921130952380953,KC514056_EF1,672,,Fusarium circinatum,Map_C_8rel_N,EF1,,,EF1,+8rel,C,CN
574,KC514055_EF1 mapping,583,62,60,2,11.0,KC514055_EF1,671,,Fusarium circinatum,Map_C_8rel_N,EF1,,,EF1,+8rel,C,CN
575,AF160295_EF1 mapping,641,234,218,16,44.89113530326593,AF160295_EF1,643,,Fusarium circinatum,Map_C_8rel_N,EF1,,,EF1,+8rel,C,CN
576,U61547.1_TUB2_1-4 mapping,570,963,887,76,195.80877192982456,U61547.1_TUB2_1-4,570,,,Map_C_8rel_N,TUB2,1-4,_,TUB2_1-4,+8rel,C,CN
577,U61625.1_TUB2_4-5 mapping,348,1491,1475,16,443.3448275862069,U61625.1_TUB2_4-5,348,,,Map_C_8rel_N,TUB2,4-5,_,TUB2_4-5,+8rel,C,CN
578,U61573.1_TUB2_4 mapping,318,1526,1490,36,515.3836477987421,U61573.1_TUB2_4,318,,,Map_C_8rel_N,TUB2,4,_,TUB2_4,+8rel,C,CN
579,FCU61547_TUB2_1-4 mapping,570,956,882,74,192.23508771929824,FCU61547_TUB2_1-4,570,,Fusarium circinatum,Map_C_8rel_N,TUB2,1-4,_,TUB2_1-4,+8rel,C,CN
580,AF160295.1_EF1 mapping,640,203,197,6,39.1741835147745,AF160295.1_EF1,643,,,Map_C_8rel_N,EF1,,,EF1,+8rel,C,CN
581,AF158348.1_CAL mapping,650,1037,961,76,170.97193500738555,AF158348.1_CAL,677,,,Map_C_8rel_N,CAL,,,CAL,+8rel,C,CN
582,AF158342.1_CAL mapping,675,1380,1284,96,246.92740740740743,AF158342.1_CAL,675,,,Map_C_8rel_N,CAL,,,CAL,+8rel,C,CN
583,ENA|FJ744110.1:144..300:rRNA|_5S mapping,157,25841,25727,114,19541.554140127388,ENA|FJ744110.1:144..300:rRNA|_5S,157,,,Map_C_8rel_N,5S,,,5S,+8rel,C,CN
584,JX171623.1_RPB2 mapping,1760,1287,1079,208,81.38668098818475,JX171623.1_RPB2,1862,,,Map_C_8rel_N,RPB2,,,RPB2,+8rel,C,CN
585,JX171510.1_RPB1 mapping,1605,5397,4305,1092,408.781308411215,JX171510.1_RPB1,1605,,,Map_C_8rel_N,RPB1,,,RPB1,+8rel,C,CN
586,HM068354.1_RPB2 mapping,1769,1604,1338,266,97.4355270197967,HM068354.1_RPB2,1869,,,Map_C_8rel_N,RPB2,,,RPB2,+8rel,C,CN
587,MN534252.1_RPB2 mapping,1612,1041,909,132,70.70881863560732,MN534252.1_RPB2,1803,,,Map_C_8rel_N,RPB2,,,RPB2,+8rel,C,CN
588,MN534251.1_RPB2 mapping,1701,2419,1839,580,163.43926788685525,MN534251.1_RPB2,1803,,,Map_C_8rel_N,RPB2,,,RPB2,+8rel,C,CN
589,AJ879950_28S mapping,1853,151100,118922,32178,10634.14870689655,AJ879950_28S,1856,,Fusarium circinatum,Map_C_8rel_P,28S,,,28S,+8rel,C,CP
590,AY249397_28S mapping,2569,432310,290368,141942,23159.6854807318,AY249397_28S,2569,,Fusarium circinatum,Map_C_8rel_P,28S,,,28S,+8rel,C,CP
591,AY249403_28S mapping,2568,435114,290730,144384,23355.546339563858,AY249403_28S,2568,,Fusarium circinatum,Map_C_8rel_P,28S,,,28S,+8rel,C,CP
592,U61651.1_28S mapping,535,240916,196310,44606,58511.84299065421,U61651.1_28S,535,,,Map_C_8rel_P,28S,,,28S,+8rel,C,CP
593,U61599.1_18S mapping,681,89600,74552,15048,16621.140969162996,U61599.1_18S,681,,,Map_C_8rel_P,18S,,,18S,+8rel,C,CP
594,U61677.1_ITS mapping,522,210539,171069,39470,52778.946360153255,U61677.1_ITS,522,,,Map_C_8rel_P,ITS,,,ITS,+8rel,C,CP
595,KC514065_EF1 mapping,653,130,104,26,28.8301043219076,KC514065_EF1,671,,Fusarium circinatum,Map_C_8rel_P,EF1,,,EF1,+8rel,C,CP
596,KC514064_EF1 mapping,594,72,62,10,13.891207153502235,KC514064_EF1,671,,Fusarium circinatum,Map_C_8rel_P,EF1,,,EF1,+8rel,C,CP
597,KC514063_EF1 mapping,585,73,63,10,13.997019374068556,KC514063_EF1,671,,Fusarium circinatum,Map_C_8rel_P,EF1,,,EF1,+8rel,C,CP
598,KC514062_EF1 mapping,629,78,66,12,17.021806853582554,KC514062_EF1,642,,Fusarium circinatum,Map_C_8rel_P,EF1,,,EF1,+8rel,C,CP
599,KC514061_EF1 mapping,648,116,96,20,25.0,KC514061_EF1,668,,Fusarium circinatum,Map_C_8rel_P,EF1,,,EF1,+8rel,C,CP
600,KC514060_EF1 mapping,662,150,100,50,37.1564828614009,KC514060_EF1,671,,Fusarium circinatum,Map_C_8rel_P,EF1,,,EF1,+8rel,C,CP
601,KC514059_EF1 mapping,674,305,265,40,58.9037037037037,KC514059_EF1,675,,Fusarium circinatum,Map_C_8rel_P,EF1,,,EF1,+8rel,C,CP
602,KC514058_EF1 mapping,679,761,613,148,127.94705882352942,KC514058_EF1,680,,Fusarium circinatum,Map_C_8rel_P,EF1,,,EF1,+8rel,C,CP
603,KC514057_EF1 mapping,678,224,172,52,41.27151335311572,KC514057_EF1,674,,Fusarium circinatum,Map_C_8rel_P,EF1,,,EF1,+8rel,C,CP
604,KC514056_EF1 mapping,592,59,53,6,10.90625,KC514056_EF1,672,,Fusarium circinatum,Map_C_8rel_P,EF1,,,EF1,+8rel,C,CP
605,KC514055_EF1 mapping,670,108,68,40,27.856929955290607,KC514055_EF1,671,,Fusarium circinatum,Map_C_8rel_P,EF1,,,EF1,+8rel,C,CP
606,AF160295_EF1 mapping,641,248,220,28,49.617418351477454,AF160295_EF1,643,,Fusarium circinatum,Map_C_8rel_P,EF1,,,EF1,+8rel,C,CP
607,U61547.1_TUB2_1-4 mapping,570,1123,913,210,258.23508771929824,U61547.1_TUB2_1-4,570,,,Map_C_8rel_P,TUB2,1-4,_,TUB2_1-4,+8rel,C,CP
608,U61625.1_TUB2_4-5 mapping,348,1699,1507,192,559.080459770115,U61625.1_TUB2_4-5,348,,,Map_C_8rel_P,TUB2,4-5,_,TUB2_4-5,+8rel,C,CP
609,U61573.1_TUB2_4 mapping,318,1734,1554,180,639.433962264151,U61573.1_TUB2_4,318,,,Map_C_8rel_P,TUB2,4,_,TUB2_4,+8rel,C,CP
610,FCU61547_TUB2_1-4 mapping,570,1082,900,182,240.00350877192986,FCU61547_TUB2_1-4,570,,Fusarium circinatum,Map_C_8rel_P,TUB2,1-4,_,TUB2_1-4,+8rel,C,CP
611,AF160295.1_EF1 mapping,640,216,200,16,43.20684292379471,AF160295.1_EF1,643,,,Map_C_8rel_P,EF1,,,EF1,+8rel,C,CP
612,AF158348.1_CAL mapping,677,1397,1019,378,288.7223042836042,AF158348.1_CAL,677,,,Map_C_8rel_P,CAL,,,CAL,+8rel,C,CP
613,AF158342.1_CAL mapping,675,1386,1284,102,248.19555555555561,AF158342.1_CAL,675,,,Map_C_8rel_P,CAL,,,CAL,+8rel,C,CP
614,ENA|FJ744110.1:144..300:rRNA|_5S mapping,157,26337,26053,284,19991.082802547768,ENA|FJ744110.1:144..300:rRNA|_5S,157,,,Map_C_8rel_P,5S,,,5S,+8rel,C,CP
615,JX171623.1_RPB2 mapping,1762,1471,1113,358,103.80075187969923,JX171623.1_RPB2,1862,,,Map_C_8rel_P,RPB2,,,RPB2,+8rel,C,CP
616,JX171510.1_RPB1 mapping,1605,6226,4416,1810,534.1719626168224,JX171510.1_RPB1,1605,,,Map_C_8rel_P,RPB1,,,RPB1,+8rel,C,CP
617,HM068354.1_RPB2 mapping,1769,1861,1381,480,127.3258426966292,HM068354.1_RPB2,1869,,,Map_C_8rel_P,RPB2,,,RPB2,+8rel,C,CP
618,MN534252.1_RPB2 mapping,1668,1167,927,240,88.21686078757628,MN534252.1_RPB2,1803,,,Map_C_8rel_P,RPB2,,,RPB2,+8rel,C,CP
619,MN534251.1_RPB2 mapping,1701,2746,1878,868,206.10870770937328,MN534251.1_RPB2,1803,,,Map_C_8rel_P,RPB2,,,RPB2,+8rel,C,CP
